{
 "sbType": "FileObject",
 "snapshot": {
  "logHeads": {
  },
  "data": {
   "blocks": [
    {
     "id": "bafyreicd7crdeuknndjqnbqxlu4g2wfen4un4zaaghfj55pejbogyiz6oe",
     "fields": null,
     "restrictions": {
      "read": false,
      "edit": true,
      "remove": true,
      "drag": true,
      "dropOn": true
     },
     "childrenIds": [
      "header",
      "file",
      "widthInPixels",
      "heightInPixels",
      "sizeInBytes"
     ],
     "backgroundColor": "",
     "align": "AlignLeft",
     "verticalAlign": "VerticalAlignTop",
     "smartblock": {

     }
    },
    {
     "id": "header",
     "fields": null,
     "restrictions": {
      "read": false,
      "edit": true,
      "remove": true,
      "drag": true,
      "dropOn": true
     },
     "childrenIds": [
      "title",
      "featuredRelations"
     ],
     "backgroundColor": "",
     "align": "AlignLeft",
     "verticalAlign": "VerticalAlignTop",
     "layout": {
      "style": "Header"
     }
    },
    {
     "id": "file",
     "fields": null,
     "restrictions": {
      "read": false,
      "edit": true,
      "remove": true,
      "drag": true,
      "dropOn": true
     },
     "childrenIds": [
     ],
     "backgroundColor": "",
     "align": "AlignLeft",
     "verticalAlign": "VerticalAlignTop",
     "file": {
      "hash": "",
      "name": "image.png",
      "type": "Image",
      "mime": "image/png",
      "size": "85142",
      "addedAt": "0",
      "targetObjectId": "bafyreicd7crdeuknndjqnbqxlu4g2wfen4un4zaaghfj55pejbogyiz6oe",
      "state": "Done",
      "style": "Auto"
     }
    },
    {
     "id": "widthInPixels",
     "fields": null,
     "restrictions": {
      "read": false,
      "edit": true,
      "remove": true,
      "drag": true,
      "dropOn": true
     },
     "childrenIds": [
     ],
     "backgroundColor": "",
     "align": "AlignLeft",
     "verticalAlign": "VerticalAlignTop",
     "relation": {
      "key": "widthInPixels"
     }
    },
    {
     "id": "heightInPixels",
     "fields": null,
     "restrictions": {
      "read": false,
      "edit": true,
      "remove": true,
      "drag": true,
      "dropOn": true
     },
     "childrenIds": [
     ],
     "backgroundColor": "",
     "align": "AlignLeft",
     "verticalAlign": "VerticalAlignTop",
     "relation": {
      "key": "heightInPixels"
     }
    },
    {
     "id": "sizeInBytes",
     "fields": null,
     "restrictions": {
      "read": false,
      "edit": true,
      "remove": true,
      "drag": true,
      "dropOn": true
     },
     "childrenIds": [
     ],
     "backgroundColor": "",
     "align": "AlignLeft",
     "verticalAlign": "VerticalAlignTop",
     "relation": {
      "key": "sizeInBytes"
     }
    },
    {
     "id": "title",
     "fields": {
       "_detailsKey": [
          "name",
          "done"
         ]
      },
     "restrictions": {
      "read": false,
      "edit": true,
      "remove": true,
      "drag": true,
      "dropOn": true
     },
     "childrenIds": [
     ],
     "backgroundColor": "",
     "align": "AlignLeft",
     "verticalAlign": "VerticalAlignTop",
     "text": {
      "text": "",
      "style": "Title",
      "marks": {
       "marks": [
       ]
      },
      "checked": false,
      "color": "",
      "iconEmoji": "",
      "iconImage": ""
     }
    },
    {
     "id": "featuredRelations",
     "fields": null,
     "restrictions": {
      "read": false,
      "edit": true,
      "remove": true,
      "drag": true,
      "dropOn": true
     },
     "childrenIds": [
     ],
     "backgroundColor": "",
     "align": "AlignLeft",
     "verticalAlign": "VerticalAlignTop",
     "featuredRelations": {

     }
    }
   ],
   "details": {
     "addedDate": 1718056806,
     "backlinks": [
       ],
     "createdDate": 1718056807,
     "creator": "_participant_bafyreib5epdcggbj3lypetjrry4fhk5hucwpol4q3zhyhsnu6zliih2pha_ofy6cn5utfaz_A5ryJu1aBASRCoTHxHpucFGZCvDJuMYqBvneEWsrVC54cDEB",
     "featuredRelations": [
        "type"
       ],
     "fileBackupStatus": 4,
     "fileExt": "png",
     "fileId": "bafybeievltfbxvkewqlhqul2njud4rfcrhzzgaqia2zdqcpbugumbdy3cm",
     "fileIndexingStatus": 1,
     "fileMimeType": "image/png",
     "fileSyncStatus": 1,
     "heightInPixels": 751,
     "iconImage": "bafyreicd7crdeuknndjqnbqxlu4g2wfen4un4zaaghfj55pejbogyiz6oe",
     "id": "bafyreicd7crdeuknndjqnbqxlu4g2wfen4un4zaaghfj55pejbogyiz6oe",
     "lastModifiedBy": "_participant_bafyreib5epdcggbj3lypetjrry4fhk5hucwpol4q3zhyhsnu6zliih2pha_ofy6cn5utfaz_A5ryJu1aBASRCoTHxHpucFGZCvDJuMYqBvneEWsrVC54cDEB",
     "lastModifiedDate": 1718056808,
     "layout": 8,
     "links": [
       ],
     "mentions": [
       ],
     "name": "image",
     "origin": 1,
     "restrictions": [
        3,
        6,
        5,
        7,
        8,
        10
       ],
     "sizeInBytes": 85142,
     "snippet": "",
     "source": "files\\image_1.png",
     "spaceId": "bafyreib5epdcggbj3lypetjrry4fhk5hucwpol4q3zhyhsnu6zliih2pha.ofy6cn5utfaz",
     "syncDate": 1732176851,
     "syncError": 0,
     "syncStatus": 0,
     "type": "bafyreidb66x4c5muypb6do7n4pjrfnircftmsd73wwowwtk44uxa5jvyf4",
     "widthInPixels": 1600
    },
   "fileKeys": null,
   "extraRelations": [
   ],
   "objectTypes": [
    "ot-image"
   ],
   "collections": null,
   "removedCollectionKeys": [
   ],
   "relationLinks": [
    {
     "key": "fileMimeType",
     "format": "longtext"
    },
    {
     "key": "sizeInBytes",
     "format": "number"
    },
    {
     "key": "heightInPixels",
     "format": "number"
    },
    {
     "key": "isReadonly",
     "format": "checkbox"
    },
    {
     "key": "layout",
     "format": "number"
    },
    {
     "key": "lastModifiedDate",
     "format": "date"
    },
    {
     "key": "widthInPixels",
     "format": "number"
    },
    {
     "key": "name",
     "format": "shorttext"
    },
    {
     "key": "fileExt",
     "format": "longtext"
    },
    {
     "key": "addedDate",
     "format": "date"
    },
    {
     "key": "fileId",
     "format": "shorttext"
    },
    {
     "key": "fileIndexingStatus",
     "format": "number"
    },
    {
     "key": "iconImage",
     "format": "file"
    },
    {
     "key": "spaceId",
     "format": "object"
    },
    {
     "key": "featuredRelations",
     "format": "object"
    },
    {
     "key": "origin",
     "format": "number"
    },
    {
     "key": "creator",
     "format": "object"
    },
    {
     "key": "createdDate",
     "format": "date"
    },
    {
     "key": "id",
     "format": "object"
    },
    {
     "key": "type",
     "format": "object"
    },
    {
     "key": "snippet",
     "format": "longtext"
    },
    {
     "key": "backlinks",
     "format": "object"
    },
    {
     "key": "fileBackupStatus",
     "format": "number"
    },
    {
     "key": "fileSyncStatus",
     "format": "number"
    },
    {
     "key": "lastModifiedBy",
     "format": "object"
    },
    {
     "key": "description",
     "format": "longtext"
    },
    {
     "key": "iconEmoji",
     "format": "emoji"
    },
    {
     "key": "lastOpenedDate",
     "format": "date"
    },
    {
     "key": "isFavorite",
     "format": "checkbox"
    },
    {
     "key": "isArchived",
     "format": "checkbox"
    },
    {
     "key": "workspaceId",
     "format": "object"
    },
    {
     "key": "internalFlags",
     "format": "number"
    },
    {
     "key": "restrictions",
     "format": "number"
    },
    {
     "key": "syncDate",
     "format": "date"
    },
    {
     "key": "syncStatus",
     "format": "number"
    },
    {
     "key": "syncError",
     "format": "number"
    },
    {
     "key": "coverId",
     "format": "longtext"
    },
    {
     "key": "coverScale",
     "format": "number"
    },
    {
     "key": "coverType",
     "format": "number"
    },
    {
     "key": "coverX",
     "format": "number"
    },
    {
     "key": "coverY",
     "format": "number"
    },
    {
     "key": "links",
     "format": "object"
    },
    {
     "key": "layoutAlign",
     "format": "number"
    },
    {
     "key": "mentions",
     "format": "object"
    },
    {
     "key": "source",
     "format": "url"
    }
   ],
   "key": "",
   "originalCreatedTimestamp": "0",
   "fileInfo": {
    "fileId": "bafybeievltfbxvkewqlhqul2njud4rfcrhzzgaqia2zdqcpbugumbdy3cm",
    "encryptionKeys": [
     {
      "path": "/0/large/",
      "key": "bnv4jpvwvimxwc64wxmn2ec3ptydpeaa3tpr34rmtuvm72zzt3x4q"
     },
     {
      "path": "/0/small/",
      "key": "bysork4yiwi2ewpsqm7abkluolaw4mdwiww2rsp4sm5on23l2s4qq"
     },
     {
      "path": "/0/thumbnail/",
      "key": "b4ltwimc36sdiut26jek7v3piykm5rizdcdupv72nh6bsbtscfiwa"
     },
     {
      "path": "/0/exif/",
      "key": "bnulz5mqy6zkodapqz4avy4h6if2wjdr6lq2yc6yngujk3cjx4xoa"
     },
     {
      "path": "/0/original/",
      "key": "bnskavxud2f7j6dej33c6h6jwwrvbbrermmrthtnj4t4pb3hbmtuq"
     }
    ]
   }
  },
  "fileKeys": [
  ]
 }
}