{
 "sbType": "Page",
 "snapshot": {
  "logHeads": {
  },
  "data": {
   "blocks": [
    {
     "id": "bafyreibqrzav5ivjtmxphoycgeayvrfmrerppm5kprt52vo2vds4vvcsqe",
     "fields": {
       "width": 0.5
      },
     "restrictions": {
      "read": false,
      "edit": false,
      "remove": false,
      "drag": false,
      "dropOn": false
     },
     "childrenIds": [
      "header",
      "div-666822caa2d36e17b49a200d",
      "div-666822caa2d36e17b49a200e",
      "6668266aa2d36e17b49a204b",
      "6668267ea2d36e17b49a2052",
      "666826ada2d36e17b49a205a",
      "666826dca2d36e17b49a2065",
      "66682732a2d36e17b49a2070",
      "666826aaa2d36e17b49a2059"
     ],
     "backgroundColor": "",
     "align": "AlignLeft",
     "verticalAlign": "VerticalAlignTop",
     "smartblock": {

     }
    },
    {
     "id": "header",
     "fields": null,
     "restrictions": {
      "read": false,
      "edit": true,
      "remove": true,
      "drag": true,
      "dropOn": true
     },
     "childrenIds": [
      "title",
      "featuredRelations"
     ],
     "backgroundColor": "",
     "align": "AlignLeft",
     "verticalAlign": "VerticalAlignTop",
     "layout": {
      "style": "Header"
     }
    },
    {
     "id": "div-666822caa2d36e17b49a200d",
     "fields": null,
     "restrictions": null,
     "childrenIds": [
      "div-6665a1b9a2d36e05f01606e4",
      "6665a380a2d36e05f01606f8",
      "66681f5ca2d36e17b49a1f75",
      "66681fa8a2d36e17b49a1f7c",
      "66681faba2d36e17b49a1f7e",
      "6665a3bea2d36e05f01606f9",
      "66681fe9a2d36e17b49a1f84",
      "66681fffa2d36e17b49a1f8b",
      "6668200fa2d36e17b49a1f92",
      "66682011a2d36e17b49a1f94",
      "6668201ea2d36e17b49a1f95",
      "66682020a2d36e17b49a1f96",
      "666820aea2d36e17b49a1f97",
      "6665a3d1a2d36e05f01606fe",
      "666820e0a2d36e17b49a1fa4",
      "666820e0a2d36e17b49a1fa5",
      "666820e0a2d36e17b49a1fa6",
      "666820e0a2d36e17b49a1fa7",
      "6668210da2d36e17b49a1fad"
     ],
     "backgroundColor": "",
     "align": "AlignLeft",
     "verticalAlign": "VerticalAlignTop",
     "layout": {
      "style": "Div"
     }
    },
    {
     "id": "div-666822caa2d36e17b49a200e",
     "fields": null,
     "restrictions": null,
     "childrenIds": [
      "66682114a2d36e17b49a1fb4",
      "6668211fa2d36e17b49a1fbb",
      "66682126a2d36e17b49a1fc2",
      "6668284ca2d36e17b49a2081",
      "66682859a2d36e17b49a2090",
      "66682859a2d36e17b49a2091",
      "66682859a2d36e17b49a2092",
      "66682859a2d36e17b49a2093",
      "66682165a2d36e17b49a1fcf",
      "66682165a2d36e17b49a1fd0",
      "66682165a2d36e17b49a1fd1",
      "66682165a2d36e17b49a1fd2",
      "666821bea2d36e17b49a1fd9",
      "666821c6a2d36e17b49a1fdb",
      "6665aaf9a2d36e05f01607ab",
      "66682216a2d36e17b49a1fe5",
      "66682222a2d36e17b49a1fec",
      "66682256a2d36e17b49a1fee",
      "6668226da2d36e17b49a1ff4",
      "66682270a2d36e17b49a1ff5",
      "66682274a2d36e17b49a1ff6",
      "666822ada2d36e17b49a200a",
      "666822caa2d36e17b49a2013",
      "666822e6a2d36e17b49a201a",
      "666822f9a2d36e17b49a2021",
      "6668231ea2d36e17b49a2028",
      "6668231fa2d36e17b49a202a",
      "66678621a2d36e0c8087f47a",
      "666823afa2d36e17b49a2031",
      "666823b7a2d36e17b49a2037",
      "666823b8a2d36e17b49a2039",
      "6668240fa2d36e17b49a203f",
      "6665ab13a2d36e05f01607ac",
      "6668265ea2d36e17b49a2044"
     ],
     "backgroundColor": "",
     "align": "AlignLeft",
     "verticalAlign": "VerticalAlignTop",
     "layout": {
      "style": "Div"
     }
    },
    {
     "id": "6668266aa2d36e17b49a204b",
     "fields": null,
     "restrictions": null,
     "childrenIds": [
     ],
     "backgroundColor": "",
     "align": "AlignLeft",
     "verticalAlign": "VerticalAlignTop",
     "text": {
      "text": "There are several ways to do automatic and manual optimization:",
      "style": "Paragraph",
      "marks": {
       "marks": [
       ]
      },
      "checked": false,
      "color": "",
      "iconEmoji": "",
      "iconImage": ""
     }
    },
    {
     "id": "6668267ea2d36e17b49a2052",
     "fields": null,
     "restrictions": null,
     "childrenIds": [
     ],
     "backgroundColor": "",
     "align": "AlignLeft",
     "verticalAlign": "VerticalAlignTop",
     "text": {
      "text": "Identify wasted and unused resources with a good monitoring of your resource usage, it is very easy to find unused resources or servers that don’t have a lot of idle time. A lot of cloud vendors have cost explorers that can break down costs for individual services. Autoscaling helps to shut down instances that are not needed",
      "style": "Marked",
      "marks": {
       "marks": [
        {
         "range": {
          "from": 0,
          "to": 36
         },
         "type": "Bold",
         "param": ""
        },
        {
         "range": {
          "from": 0,
          "to": 36
         },
         "type": "Underscored",
         "param": ""
        }
       ]
      },
      "checked": false,
      "color": "",
      "iconEmoji": "",
      "iconImage": ""
     }
    },
    {
     "id": "666826ada2d36e17b49a205a",
     "fields": null,
     "restrictions": null,
     "childrenIds": [
     ],
     "backgroundColor": "",
     "align": "AlignLeft",
     "verticalAlign": "VerticalAlignTop",
     "text": {
      "text": "Right-Sizing it can be a good idea to choose servers and systems with a lot more power than actually needed. Again, good monitoring can give you indications over time of how much resources are actually needed for your application. Don’t buy powerful machines if you only need half of their capacity",
      "style": "Marked",
      "marks": {
       "marks": [
        {
         "range": {
          "from": 0,
          "to": 12
         },
         "type": "Bold",
         "param": ""
        },
        {
         "range": {
          "from": 0,
          "to": 12
         },
         "type": "Underscored",
         "param": ""
        }
       ]
      },
      "checked": false,
      "color": "",
      "iconEmoji": "",
      "iconImage": ""
     }
    },
    {
     "id": "666826dca2d36e17b49a2065",
     "fields": null,
     "restrictions": null,
     "childrenIds": [
     ],
     "backgroundColor": "",
     "align": "AlignLeft",
     "verticalAlign": "VerticalAlignTop",
     "text": {
      "text": "Reserved Instances on-demand pricing models are great if you really need resources on-demand. A method to save a lot of money is to reserve resources and even pay for them upfront",
      "style": "Marked",
      "marks": {
       "marks": [
        {
         "range": {
          "from": 0,
          "to": 18
         },
         "type": "Bold",
         "param": ""
        },
        {
         "range": {
          "from": 0,
          "to": 18
         },
         "type": "Underscored",
         "param": ""
        }
       ]
      },
      "checked": false,
      "color": "",
      "iconEmoji": "",
      "iconImage": ""
     }
    },
    {
     "id": "66682732a2d36e17b49a2070",
     "fields": null,
     "restrictions": null,
     "childrenIds": [
     ],
     "backgroundColor": "",
     "align": "AlignLeft",
     "verticalAlign": "VerticalAlignTop",
     "text": {
      "text": "Spot Instances if you have a batch job or heavy load for a short amount of time, you can use spot instances to save money. The idea of spot instances is that you get unused resources that have been over-provisioned by the cloud vendor for very low prices",
      "style": "Marked",
      "marks": {
       "marks": [
        {
         "range": {
          "from": 0,
          "to": 14
         },
         "type": "Bold",
         "param": ""
        },
        {
         "range": {
          "from": 0,
          "to": 14
         },
         "type": "Underscored",
         "param": ""
        }
       ]
      },
      "checked": false,
      "color": "",
      "iconEmoji": "",
      "iconImage": ""
     }
    },
    {
     "id": "666826aaa2d36e17b49a2059",
     "fields": null,
     "restrictions": null,
     "childrenIds": [
     ],
     "backgroundColor": "",
     "align": "AlignLeft",
     "verticalAlign": "VerticalAlignTop",
     "text": {
      "text": "",
      "style": "Paragraph",
      "marks": {
       "marks": [
       ]
      },
      "checked": false,
      "color": "",
      "iconEmoji": "",
      "iconImage": ""
     }
    },
    {
     "id": "title",
     "fields": {
       "_detailsKey": [
          "name",
          "done"
         ]
      },
     "restrictions": {
      "read": false,
      "edit": false,
      "remove": true,
      "drag": true,
      "dropOn": true
     },
     "childrenIds": [
     ],
     "backgroundColor": "",
     "align": "AlignLeft",
     "verticalAlign": "VerticalAlignTop",
     "text": {
      "text": "",
      "style": "Title",
      "marks": {
       "marks": [
       ]
      },
      "checked": false,
      "color": "",
      "iconEmoji": "",
      "iconImage": ""
     }
    },
    {
     "id": "featuredRelations",
     "fields": null,
     "restrictions": {
      "read": false,
      "edit": false,
      "remove": true,
      "drag": true,
      "dropOn": true
     },
     "childrenIds": [
     ],
     "backgroundColor": "",
     "align": "AlignLeft",
     "verticalAlign": "VerticalAlignTop",
     "featuredRelations": {

     }
    },
    {
     "id": "div-6665a1b9a2d36e05f01606e4",
     "fields": null,
     "restrictions": null,
     "childrenIds": [
      "6665a1b9a2d36e05f01606b2"
     ],
     "backgroundColor": "",
     "align": "AlignLeft",
     "verticalAlign": "VerticalAlignTop",
     "layout": {
      "style": "Div"
     }
    },
    {
     "id": "6665a380a2d36e05f01606f8",
     "fields": null,
     "restrictions": null,
     "childrenIds": [
     ],
     "backgroundColor": "",
     "align": "AlignLeft",
     "verticalAlign": "VerticalAlignTop",
     "text": {
      "text": "Observability",
      "style": "Header2",
      "marks": {
       "marks": [
        {
         "range": {
          "from": 0,
          "to": 13
         },
         "type": "Underscored",
         "param": ""
        }
       ]
      },
      "checked": false,
      "color": "",
      "iconEmoji": "",
      "iconImage": ""
     }
    },
    {
     "id": "66681f5ca2d36e17b49a1f75",
     "fields": null,
     "restrictions": null,
     "childrenIds": [
     ],
     "backgroundColor": "",
     "align": "AlignLeft",
     "verticalAlign": "VerticalAlignTop",
     "text": {
      "text": "The term observability is closely related to the control theory which deals with behavior of dynamic systems. In essence, the control theory describes how external outputs of systems can be measured to manipulate the behavior of the system.",
      "style": "Paragraph",
      "marks": {
       "marks": [
        {
         "range": {
          "from": 9,
          "to": 22
         },
         "type": "Italic",
         "param": ""
        },
        {
         "range": {
          "from": 122,
          "to": 239
         },
         "type": "Italic",
         "param": ""
        },
        {
         "range": {
          "from": 122,
          "to": 239
         },
         "type": "Bold",
         "param": ""
        },
        {
         "range": {
          "from": 49,
          "to": 63
         },
         "type": "Underscored",
         "param": ""
        },
        {
         "range": {
          "from": 49,
          "to": 63
         },
         "type": "Link",
         "param": "https://en.wikipedia.org/wiki/Control_theory"
        },
        {
         "range": {
          "from": 122,
          "to": 239
         },
         "type": "TextColor",
         "param": "red"
        }
       ]
      },
      "checked": false,
      "color": "",
      "iconEmoji": "",
      "iconImage": ""
     }
    },
    {
     "id": "66681fa8a2d36e17b49a1f7c",
     "fields": null,
     "restrictions": null,
     "childrenIds": [
     ],
     "backgroundColor": "",
     "align": "AlignLeft",
     "verticalAlign": "VerticalAlignTop",
     "text": {
      "text": "The higher goal of observability is to allow analysis of the collected data.",
      "style": "Paragraph",
      "marks": {
       "marks": [
        {
         "range": {
          "from": 45,
          "to": 53
         },
         "type": "Bold",
         "param": ""
        }
       ]
      },
      "checked": false,
      "color": "",
      "iconEmoji": "",
      "iconImage": ""
     }
    },
    {
     "id": "66681faba2d36e17b49a1f7e",
     "fields": null,
     "restrictions": null,
     "childrenIds": [
     ],
     "backgroundColor": "",
     "align": "AlignLeft",
     "verticalAlign": "VerticalAlignTop",
     "text": {
      "text": "",
      "style": "Paragraph",
      "marks": {
       "marks": [
       ]
      },
      "checked": false,
      "color": "",
      "iconEmoji": "",
      "iconImage": ""
     }
    },
    {
     "id": "6665a3bea2d36e05f01606f9",
     "fields": null,
     "restrictions": null,
     "childrenIds": [
     ],
     "backgroundColor": "",
     "align": "AlignLeft",
     "verticalAlign": "VerticalAlignTop",
     "text": {
      "text": "Telemetry",
      "style": "Header2",
      "marks": {
       "marks": [
        {
         "range": {
          "from": 0,
          "to": 9
         },
         "type": "Underscored",
         "param": ""
        }
       ]
      },
      "checked": false,
      "color": "",
      "iconEmoji": "",
      "iconImage": ""
     }
    },
    {
     "id": "66681fe9a2d36e17b49a1f84",
     "fields": null,
     "restrictions": null,
     "childrenIds": [
     ],
     "backgroundColor": "",
     "align": "AlignLeft",
     "verticalAlign": "VerticalAlignTop",
     "text": {
      "text": "The term telemetry has Greek roots and means remote or distance (tele) and measuring (metry).",
      "style": "Paragraph",
      "marks": {
       "marks": [
        {
         "range": {
          "from": 9,
          "to": 18
         },
         "type": "Italic",
         "param": ""
        }
       ]
      },
      "checked": false,
      "color": "",
      "iconEmoji": "",
      "iconImage": ""
     }
    },
    {
     "id": "66681fffa2d36e17b49a1f8b",
     "fields": null,
     "restrictions": null,
     "childrenIds": [
     ],
     "backgroundColor": "",
     "align": "AlignLeft",
     "verticalAlign": "VerticalAlignTop",
     "text": {
      "text": "Measuring and collecting data points and then transferring it to another system is of course not exclusive to cloud native or even IT systems.",
      "style": "Paragraph",
      "marks": {
       "marks": [
       ]
      },
      "checked": false,
      "color": "",
      "iconEmoji": "",
      "iconImage": ""
     }
    },
    {
     "id": "6668200fa2d36e17b49a1f92",
     "fields": null,
     "restrictions": null,
     "childrenIds": [
     ],
     "backgroundColor": "",
     "align": "AlignLeft",
     "verticalAlign": "VerticalAlignTop",
     "text": {
      "text": "In container systems, each and every application should have tools built in that generate information data, which is then collected and transferred in a centralized system. The data can be divided into three categories:",
      "style": "Paragraph",
      "marks": {
       "marks": [
       ]
      },
      "checked": false,
      "color": "",
      "iconEmoji": "",
      "iconImage": ""
     }
    },
    {
     "id": "66682011a2d36e17b49a1f94",
     "fields": null,
     "restrictions": null,
     "childrenIds": [
     ],
     "backgroundColor": "",
     "align": "AlignLeft",
     "verticalAlign": "VerticalAlignTop",
     "text": {
      "text": "Logs messages that are emitted from an application when errors, warnings or debug information should be presented",
      "style": "Marked",
      "marks": {
       "marks": [
        {
         "range": {
          "from": 0,
          "to": 4
         },
         "type": "Bold",
         "param": ""
        },
        {
         "range": {
          "from": 0,
          "to": 4
         },
         "type": "Underscored",
         "param": ""
        }
       ]
      },
      "checked": false,
      "color": "",
      "iconEmoji": "",
      "iconImage": ""
     }
    },
    {
     "id": "6668201ea2d36e17b49a1f95",
     "fields": null,
     "restrictions": null,
     "childrenIds": [
     ],
     "backgroundColor": "",
     "align": "AlignLeft",
     "verticalAlign": "VerticalAlignTop",
     "text": {
      "text": "Metrics quantitative measurements taken over time",
      "style": "Marked",
      "marks": {
       "marks": [
        {
         "range": {
          "from": 0,
          "to": 7
         },
         "type": "Bold",
         "param": ""
        },
        {
         "range": {
          "from": 0,
          "to": 7
         },
         "type": "Underscored",
         "param": ""
        }
       ]
      },
      "checked": false,
      "color": "",
      "iconEmoji": "",
      "iconImage": ""
     }
    },
    {
     "id": "66682020a2d36e17b49a1f96",
     "fields": null,
     "restrictions": null,
     "childrenIds": [
     ],
     "backgroundColor": "",
     "align": "AlignLeft",
     "verticalAlign": "VerticalAlignTop",
     "text": {
      "text": "Traces track the progression of a request while it's passing through the system",
      "style": "Marked",
      "marks": {
       "marks": [
        {
         "range": {
          "from": 0,
          "to": 6
         },
         "type": "Bold",
         "param": ""
        },
        {
         "range": {
          "from": 0,
          "to": 6
         },
         "type": "Underscored",
         "param": ""
        }
       ]
      },
      "checked": false,
      "color": "",
      "iconEmoji": "",
      "iconImage": ""
     }
    },
    {
     "id": "666820aea2d36e17b49a1f97",
     "fields": null,
     "restrictions": null,
     "childrenIds": [
     ],
     "backgroundColor": "",
     "align": "AlignLeft",
     "verticalAlign": "VerticalAlignTop",
     "text": {
      "text": "",
      "style": "Paragraph",
      "marks": {
       "marks": [
       ]
      },
      "checked": false,
      "color": "",
      "iconEmoji": "",
      "iconImage": ""
     }
    },
    {
     "id": "6665a3d1a2d36e05f01606fe",
     "fields": null,
     "restrictions": {
      "read": false,
      "edit": false,
      "remove": false,
      "drag": false,
      "dropOn": false
     },
     "childrenIds": [
     ],
     "backgroundColor": "",
     "align": "AlignLeft",
     "verticalAlign": "VerticalAlignTop",
     "text": {
      "text": "Logging",
      "style": "Header2",
      "marks": {
       "marks": [
        {
         "range": {
          "from": 0,
          "to": 7
         },
         "type": "Underscored",
         "param": ""
        }
       ]
      },
      "checked": false,
      "color": "",
      "iconEmoji": "",
      "iconImage": ""
     }
    },
    {
     "id": "666820e0a2d36e17b49a1fa4",
     "fields": null,
     "restrictions": null,
     "childrenIds": [
     ],
     "backgroundColor": "",
     "align": "AlignLeft",
     "verticalAlign": "VerticalAlignTop",
     "text": {
      "text": "Unix and Linux programs provide three I/O streams from which two can be used to output logs from a container:",
      "style": "Paragraph",
      "marks": {
       "marks": [
       ]
      },
      "checked": false,
      "color": "",
      "iconEmoji": "",
      "iconImage": ""
     }
    },
    {
     "id": "666820e0a2d36e17b49a1fa5",
     "fields": null,
     "restrictions": null,
     "childrenIds": [
     ],
     "backgroundColor": "",
     "align": "AlignLeft",
     "verticalAlign": "VerticalAlignTop",
     "text": {
      "text": "standard input (stdin): Input to a program e.g. via keyboard",
      "style": "Marked",
      "marks": {
       "marks": [
       ]
      },
      "checked": false,
      "color": "",
      "iconEmoji": "",
      "iconImage": ""
     }
    },
    {
     "id": "666820e0a2d36e17b49a1fa6",
     "fields": null,
     "restrictions": null,
     "childrenIds": [
     ],
     "backgroundColor": "",
     "align": "AlignLeft",
     "verticalAlign": "VerticalAlignTop",
     "text": {
      "text": "standard output (stdout): The output a program writes on the screen",
      "style": "Marked",
      "marks": {
       "marks": [
       ]
      },
      "checked": false,
      "color": "",
      "iconEmoji": "",
      "iconImage": ""
     }
    },
    {
     "id": "666820e0a2d36e17b49a1fa7",
     "fields": null,
     "restrictions": null,
     "childrenIds": [
     ],
     "backgroundColor": "",
     "align": "AlignLeft",
     "verticalAlign": "VerticalAlignTop",
     "text": {
      "text": "standard error (stderr): Errors that a program writes on the screen",
      "style": "Marked",
      "marks": {
       "marks": [
       ]
      },
      "checked": false,
      "color": "",
      "iconEmoji": "",
      "iconImage": ""
     }
    },
    {
     "id": "6668210da2d36e17b49a1fad",
     "fields": null,
     "restrictions": null,
     "childrenIds": [
     ],
     "backgroundColor": "",
     "align": "AlignLeft",
     "verticalAlign": "VerticalAlignTop",
     "text": {
      "text": "Command line tools like docker, kubectl or podman provide a command to show the logs of containerized processes if you let them log directly to the console or to /dev/stdout and /dev/stderr.",
      "style": "Paragraph",
      "marks": {
       "marks": [
        {
         "range": {
          "from": 24,
          "to": 30
         },
         "type": "Bold",
         "param": ""
        },
        {
         "range": {
          "from": 32,
          "to": 39
         },
         "type": "Bold",
         "param": ""
        },
        {
         "range": {
          "from": 43,
          "to": 49
         },
         "type": "Bold",
         "param": ""
        },
        {
         "range": {
          "from": 162,
          "to": 173
         },
         "type": "Bold",
         "param": ""
        },
        {
         "range": {
          "from": 178,
          "to": 189
         },
         "type": "Bold",
         "param": ""
        }
       ]
      },
      "checked": false,
      "color": "",
      "iconEmoji": "",
      "iconImage": ""
     }
    },
    {
     "id": "66682114a2d36e17b49a1fb4",
     "fields": null,
     "restrictions": null,
     "childrenIds": [
     ],
     "backgroundColor": "",
     "align": "AlignLeft",
     "verticalAlign": "VerticalAlignTop",
     "text": {
      "text": "$ docker logs nginx",
      "style": "Paragraph",
      "marks": {
       "marks": [
        {
         "range": {
          "from": 0,
          "to": 19
         },
         "type": "Bold",
         "param": ""
        }
       ]
      },
      "checked": false,
      "color": "",
      "iconEmoji": "",
      "iconImage": ""
     }
    },
    {
     "id": "6668211fa2d36e17b49a1fbb",
     "fields": null,
     "restrictions": null,
     "childrenIds": [
     ],
     "backgroundColor": "",
     "align": "AlignLeft",
     "verticalAlign": "VerticalAlignTop",
     "text": {
      "text": "Kubernetes provides the same functionality with the kubectl command line tool.",
      "style": "Paragraph",
      "marks": {
       "marks": [
        {
         "range": {
          "from": 52,
          "to": 59
         },
         "type": "Bold",
         "param": ""
        }
       ]
      },
      "checked": false,
      "color": "",
      "iconEmoji": "",
      "iconImage": ""
     }
    },
    {
     "id": "66682126a2d36e17b49a1fc2",
     "fields": null,
     "restrictions": null,
     "childrenIds": [
     ],
     "backgroundColor": "",
     "align": "AlignLeft",
     "verticalAlign": "VerticalAlignTop",
     "text": {
      "text": "$ kubectl logs nginx",
      "style": "Paragraph",
      "marks": {
       "marks": [
        {
         "range": {
          "from": 0,
          "to": 20
         },
         "type": "Bold",
         "param": ""
        }
       ]
      },
      "checked": false,
      "color": "",
      "iconEmoji": "",
      "iconImage": ""
     }
    },
    {
     "id": "6668284ca2d36e17b49a2081",
     "fields": null,
     "restrictions": null,
     "childrenIds": [
     ],
     "backgroundColor": "",
     "align": "AlignLeft",
     "verticalAlign": "VerticalAlignTop",
     "text": {
      "text": "Other logging examples:",
      "style": "Paragraph",
      "marks": {
       "marks": [
       ]
      },
      "checked": false,
      "color": "",
      "iconEmoji": "",
      "iconImage": ""
     }
    },
    {
     "id": "66682859a2d36e17b49a2090",
     "fields": null,
     "restrictions": null,
     "childrenIds": [
     ],
     "backgroundColor": "",
     "align": "AlignLeft",
     "verticalAlign": "VerticalAlignTop",
     "text": {
      "text": "Return snapshot of previous terminated ruby container logs from pod web-1\nkubectl logs -p -c ruby web-1",
      "style": "Paragraph",
      "marks": {
       "marks": [
        {
         "range": {
          "from": 74,
          "to": 103
         },
         "type": "Bold",
         "param": ""
        }
       ]
      },
      "checked": false,
      "color": "",
      "iconEmoji": "",
      "iconImage": ""
     }
    },
    {
     "id": "66682859a2d36e17b49a2091",
     "fields": null,
     "restrictions": null,
     "childrenIds": [
     ],
     "backgroundColor": "",
     "align": "AlignLeft",
     "verticalAlign": "VerticalAlignTop",
     "text": {
      "text": "Begin streaming the logs of the ruby container in pod web-1\nkubectl logs -f -c ruby web-1",
      "style": "Paragraph",
      "marks": {
       "marks": [
        {
         "range": {
          "from": 60,
          "to": 89
         },
         "type": "Bold",
         "param": ""
        }
       ]
      },
      "checked": false,
      "color": "",
      "iconEmoji": "",
      "iconImage": ""
     }
    },
    {
     "id": "66682859a2d36e17b49a2092",
     "fields": null,
     "restrictions": null,
     "childrenIds": [
     ],
     "backgroundColor": "",
     "align": "AlignLeft",
     "verticalAlign": "VerticalAlignTop",
     "text": {
      "text": "Display only the most recent 20 lines of output in pod nginx\nkubectl logs —tail=20 nginx",
      "style": "Paragraph",
      "marks": {
       "marks": [
        {
         "range": {
          "from": 61,
          "to": 88
         },
         "type": "Bold",
         "param": ""
        }
       ]
      },
      "checked": false,
      "color": "",
      "iconEmoji": "",
      "iconImage": ""
     }
    },
    {
     "id": "66682859a2d36e17b49a2093",
     "fields": null,
     "restrictions": null,
     "childrenIds": [
     ],
     "backgroundColor": "",
     "align": "AlignLeft",
     "verticalAlign": "VerticalAlignTop",
     "text": {
      "text": "Show all logs from pod nginx written in the last hour\nkubectl logs —since=1h nginx",
      "style": "Paragraph",
      "marks": {
       "marks": [
        {
         "range": {
          "from": 54,
          "to": 82
         },
         "type": "Bold",
         "param": ""
        }
       ]
      },
      "checked": false,
      "color": "",
      "iconEmoji": "",
      "iconImage": ""
     }
    },
    {
     "id": "66682165a2d36e17b49a1fcf",
     "fields": null,
     "restrictions": null,
     "childrenIds": [
     ],
     "backgroundColor": "",
     "align": "AlignLeft",
     "verticalAlign": "VerticalAlignTop",
     "text": {
      "text": "To ship the logs, different methods can be used:",
      "style": "Paragraph",
      "marks": {
       "marks": [
       ]
      },
      "checked": false,
      "color": "",
      "iconEmoji": "",
      "iconImage": ""
     }
    },
    {
     "id": "66682165a2d36e17b49a1fd0",
     "fields": null,
     "restrictions": null,
     "childrenIds": [
     ],
     "backgroundColor": "",
     "align": "AlignLeft",
     "verticalAlign": "VerticalAlignTop",
     "text": {
      "text": "Node-level logging (fluentd or filebeat)\nThe most efficient way to collect logs. An administrator configures a log shipping tool that collects logs and ships them to a central store.",
      "style": "Marked",
      "marks": {
       "marks": [
        {
         "range": {
          "from": 0,
          "to": 18
         },
         "type": "Bold",
         "param": ""
        },
        {
         "range": {
          "from": 0,
          "to": 18
         },
         "type": "Underscored",
         "param": ""
        }
       ]
      },
      "checked": false,
      "color": "",
      "iconEmoji": "",
      "iconImage": ""
     }
    },
    {
     "id": "66682165a2d36e17b49a1fd1",
     "fields": null,
     "restrictions": null,
     "childrenIds": [
     ],
     "backgroundColor": "",
     "align": "AlignLeft",
     "verticalAlign": "VerticalAlignTop",
     "text": {
      "text": "Logging via sidecar container (fluentd or filebeat)\nThe application has a sidecar container that collects the logs and ships them to a central store.",
      "style": "Marked",
      "marks": {
       "marks": [
        {
         "range": {
          "from": 0,
          "to": 29
         },
         "type": "Bold",
         "param": ""
        },
        {
         "range": {
          "from": 0,
          "to": 29
         },
         "type": "Underscored",
         "param": ""
        }
       ]
      },
      "checked": false,
      "color": "",
      "iconEmoji": "",
      "iconImage": ""
     }
    },
    {
     "id": "66682165a2d36e17b49a1fd2",
     "fields": null,
     "restrictions": null,
     "childrenIds": [
     ],
     "backgroundColor": "",
     "align": "AlignLeft",
     "verticalAlign": "VerticalAlignTop",
     "text": {
      "text": "Application-level logging\nThe application pushes the logs directly to the central store. While this seems very convenient at first, it requires configuring the logging adapter in every application that runs in a cluster.",
      "style": "Marked",
      "marks": {
       "marks": [
        {
         "range": {
          "from": 0,
          "to": 25
         },
         "type": "Bold",
         "param": ""
        },
        {
         "range": {
          "from": 0,
          "to": 25
         },
         "type": "Underscored",
         "param": ""
        }
       ]
      },
      "checked": false,
      "color": "",
      "iconEmoji": "",
      "iconImage": ""
     }
    },
    {
     "id": "666821bea2d36e17b49a1fd9",
     "fields": null,
     "restrictions": null,
     "childrenIds": [
     ],
     "backgroundColor": "",
     "align": "AlignLeft",
     "verticalAlign": "VerticalAlignTop",
     "text": {
      "text": "To make logs easy to process and searchable make sure you log in a structured format like JSON instead of plaintext.",
      "style": "Paragraph",
      "marks": {
       "marks": [
        {
         "range": {
          "from": 0,
          "to": 116
         },
         "type": "TextColor",
         "param": "red"
        }
       ]
      },
      "checked": false,
      "color": "",
      "iconEmoji": "",
      "iconImage": ""
     }
    },
    {
     "id": "666821c6a2d36e17b49a1fdb",
     "fields": null,
     "restrictions": null,
     "childrenIds": [
     ],
     "backgroundColor": "",
     "align": "AlignLeft",
     "verticalAlign": "VerticalAlignTop",
     "text": {
      "text": "",
      "style": "Paragraph",
      "marks": {
       "marks": [
       ]
      },
      "checked": false,
      "color": "",
      "iconEmoji": "",
      "iconImage": ""
     }
    },
    {
     "id": "6665aaf9a2d36e05f01607ab",
     "fields": null,
     "restrictions": {
      "read": false,
      "edit": false,
      "remove": false,
      "drag": false,
      "dropOn": false
     },
     "childrenIds": [
     ],
     "backgroundColor": "",
     "align": "AlignLeft",
     "verticalAlign": "VerticalAlignTop",
     "text": {
      "text": "Prometheus",
      "style": "Header2",
      "marks": {
       "marks": [
        {
         "range": {
          "from": 0,
          "to": 10
         },
         "type": "Underscored",
         "param": ""
        }
       ]
      },
      "checked": false,
      "color": "",
      "iconEmoji": "",
      "iconImage": ""
     }
    },
    {
     "id": "66682216a2d36e17b49a1fe5",
     "fields": null,
     "restrictions": null,
     "childrenIds": [
     ],
     "backgroundColor": "",
     "align": "AlignLeft",
     "verticalAlign": "VerticalAlignTop",
     "text": {
      "text": "Prometheus is an open source monitoring system, originally developed at SoundCloud, which became the second CNCF hosted project in 2016.",
      "style": "Paragraph",
      "marks": {
       "marks": [
        {
         "range": {
          "from": 0,
          "to": 10
         },
         "type": "Underscored",
         "param": ""
        },
        {
         "range": {
          "from": 0,
          "to": 10
         },
         "type": "Link",
         "param": "https://prometheus.io/"
        }
       ]
      },
      "checked": false,
      "color": "",
      "iconEmoji": "",
      "iconImage": ""
     }
    },
    {
     "id": "66682222a2d36e17b49a1fec",
     "fields": null,
     "restrictions": null,
     "childrenIds": [
     ],
     "backgroundColor": "",
     "align": "AlignLeft",
     "verticalAlign": "VerticalAlignTop",
     "text": {
      "text": "Prometheus can collect metrics that were emitted by applications and servers as time series data and provides 4 core metrics:",
      "style": "Paragraph",
      "marks": {
       "marks": [
        {
         "range": {
          "from": 110,
          "to": 124
         },
         "type": "Bold",
         "param": ""
        },
        {
         "range": {
          "from": 110,
          "to": 124
         },
         "type": "Underscored",
         "param": ""
        },
        {
         "range": {
          "from": 110,
          "to": 124
         },
         "type": "TextColor",
         "param": "red"
        }
       ]
      },
      "checked": false,
      "color": "",
      "iconEmoji": "",
      "iconImage": ""
     }
    },
    {
     "id": "66682256a2d36e17b49a1fee",
     "fields": null,
     "restrictions": null,
     "childrenIds": [
     ],
     "backgroundColor": "",
     "align": "AlignLeft",
     "verticalAlign": "VerticalAlignTop",
     "text": {
      "text": "Counter a value that increases, like a request or error count",
      "style": "Marked",
      "marks": {
       "marks": [
        {
         "range": {
          "from": 0,
          "to": 7
         },
         "type": "Bold",
         "param": ""
        },
        {
         "range": {
          "from": 0,
          "to": 7
         },
         "type": "Underscored",
         "param": ""
        }
       ]
      },
      "checked": false,
      "color": "",
      "iconEmoji": "",
      "iconImage": ""
     }
    },
    {
     "id": "6668226da2d36e17b49a1ff4",
     "fields": null,
     "restrictions": null,
     "childrenIds": [
     ],
     "backgroundColor": "",
     "align": "AlignLeft",
     "verticalAlign": "VerticalAlignTop",
     "text": {
      "text": "Gauge values that increase or decrease, like memory size",
      "style": "Marked",
      "marks": {
       "marks": [
        {
         "range": {
          "from": 0,
          "to": 5
         },
         "type": "Bold",
         "param": ""
        },
        {
         "range": {
          "from": 0,
          "to": 5
         },
         "type": "Underscored",
         "param": ""
        }
       ]
      },
      "checked": false,
      "color": "",
      "iconEmoji": "",
      "iconImage": ""
     }
    },
    {
     "id": "66682270a2d36e17b49a1ff5",
     "fields": null,
     "restrictions": null,
     "childrenIds": [
     ],
     "backgroundColor": "",
     "align": "AlignLeft",
     "verticalAlign": "VerticalAlignTop",
     "text": {
      "text": "Histogram a sample of observations, like request duration or response size",
      "style": "Marked",
      "marks": {
       "marks": [
        {
         "range": {
          "from": 0,
          "to": 9
         },
         "type": "Bold",
         "param": ""
        },
        {
         "range": {
          "from": 0,
          "to": 9
         },
         "type": "Underscored",
         "param": ""
        }
       ]
      },
      "checked": false,
      "color": "",
      "iconEmoji": "",
      "iconImage": ""
     }
    },
    {
     "id": "66682274a2d36e17b49a1ff6",
     "fields": null,
     "restrictions": null,
     "childrenIds": [
     ],
     "backgroundColor": "",
     "align": "AlignLeft",
     "verticalAlign": "VerticalAlignTop",
     "text": {
      "text": "Summary similar to a histogram, but also provides the total count of observations",
      "style": "Marked",
      "marks": {
       "marks": [
        {
         "range": {
          "from": 0,
          "to": 7
         },
         "type": "Bold",
         "param": ""
        },
        {
         "range": {
          "from": 0,
          "to": 7
         },
         "type": "Underscored",
         "param": ""
        }
       ]
      },
      "checked": false,
      "color": "",
      "iconEmoji": "",
      "iconImage": ""
     }
    },
    {
     "id": "666822ada2d36e17b49a200a",
     "fields": null,
     "restrictions": null,
     "childrenIds": [
     ],
     "backgroundColor": "",
     "align": "AlignLeft",
     "verticalAlign": "VerticalAlignTop",
     "text": {
      "text": "To expose these metrics, applications can expose an HTTP endpoint under /metrics instead of implementing it yourself.",
      "style": "Paragraph",
      "marks": {
       "marks": [
        {
         "range": {
          "from": 72,
          "to": 80
         },
         "type": "Bold",
         "param": ""
        }
       ]
      },
      "checked": false,
      "color": "",
      "iconEmoji": "",
      "iconImage": ""
     }
    },
    {
     "id": "666822caa2d36e17b49a2013",
     "fields": null,
     "restrictions": null,
     "childrenIds": [
     ],
     "backgroundColor": "",
     "align": "AlignLeft",
     "verticalAlign": "VerticalAlignTop",
     "text": {
      "text": "Prometheus has built-in support for Kubernetes and can be configured to automatically discover all services in your cluster and collect the metric data in a defined interval to save them in a time series database.",
      "style": "Paragraph",
      "marks": {
       "marks": [
        {
         "range": {
          "from": 177,
          "to": 212
         },
         "type": "Italic",
         "param": ""
        },
        {
         "range": {
          "from": 177,
          "to": 212
         },
         "type": "Bold",
         "param": ""
        }
       ]
      },
      "checked": false,
      "color": "",
      "iconEmoji": "",
      "iconImage": ""
     }
    },
    {
     "id": "666822e6a2d36e17b49a201a",
     "fields": null,
     "restrictions": null,
     "childrenIds": [
     ],
     "backgroundColor": "",
     "align": "AlignLeft",
     "verticalAlign": "VerticalAlignTop",
     "text": {
      "text": "To query data that is stored in the time series database, Prometheus provides a querying language called PromQL (Prometheus Query Language).",
      "style": "Paragraph",
      "marks": {
       "marks": [
        {
         "range": {
          "from": 105,
          "to": 139
         },
         "type": "Underscored",
         "param": ""
        },
        {
         "range": {
          "from": 105,
          "to": 139
         },
         "type": "Link",
         "param": "https://prometheus.io/docs/prometheus/latest/querying/basics/"
        }
       ]
      },
      "checked": false,
      "color": "",
      "iconEmoji": "",
      "iconImage": ""
     }
    },
    {
     "id": "666822f9a2d36e17b49a2021",
     "fields": null,
     "restrictions": null,
     "childrenIds": [
     ],
     "backgroundColor": "",
     "align": "AlignLeft",
     "verticalAlign": "VerticalAlignTop",
     "text": {
      "text": "The most used companion for Prometheus is Grafana, which can be used to build dashboards from the collected metrics.",
      "style": "Paragraph",
      "marks": {
       "marks": [
        {
         "range": {
          "from": 4,
          "to": 49
         },
         "type": "Italic",
         "param": ""
        },
        {
         "range": {
          "from": 4,
          "to": 49
         },
         "type": "Bold",
         "param": ""
        },
        {
         "range": {
          "from": 42,
          "to": 49
         },
         "type": "TextColor",
         "param": "red"
        }
       ]
      },
      "checked": false,
      "color": "",
      "iconEmoji": "",
      "iconImage": ""
     }
    },
    {
     "id": "6668231ea2d36e17b49a2028",
     "fields": null,
     "restrictions": null,
     "childrenIds": [
     ],
     "backgroundColor": "",
     "align": "AlignLeft",
     "verticalAlign": "VerticalAlignTop",
     "text": {
      "text": "Another tool from the Prometheus ecosystem is the Alertmanager. The Prometheus server itself allows you to configure alerts when certain metrics reach or pass a threshold.",
      "style": "Paragraph",
      "marks": {
       "marks": [
        {
         "range": {
          "from": 0,
          "to": 62
         },
         "type": "Italic",
         "param": ""
        },
        {
         "range": {
          "from": 0,
          "to": 62
         },
         "type": "Bold",
         "param": ""
        },
        {
         "range": {
          "from": 50,
          "to": 62
         },
         "type": "Underscored",
         "param": ""
        },
        {
         "range": {
          "from": 50,
          "to": 62
         },
         "type": "Link",
         "param": "https://prometheus.io/docs/alerting/latest/alertmanager/"
        },
        {
         "range": {
          "from": 50,
          "to": 62
         },
         "type": "TextColor",
         "param": "red"
        }
       ]
      },
      "checked": false,
      "color": "",
      "iconEmoji": "",
      "iconImage": ""
     }
    },
    {
     "id": "6668231fa2d36e17b49a202a",
     "fields": null,
     "restrictions": null,
     "childrenIds": [
     ],
     "backgroundColor": "",
     "align": "AlignLeft",
     "verticalAlign": "VerticalAlignTop",
     "text": {
      "text": "",
      "style": "Paragraph",
      "marks": {
       "marks": [
       ]
      },
      "checked": false,
      "color": "",
      "iconEmoji": "",
      "iconImage": ""
     }
    },
    {
     "id": "66678621a2d36e0c8087f47a",
     "fields": null,
     "restrictions": null,
     "childrenIds": [
     ],
     "backgroundColor": "",
     "align": "AlignLeft",
     "verticalAlign": "VerticalAlignTop",
     "text": {
      "text": "Tracing",
      "style": "Header2",
      "marks": {
       "marks": [
        {
         "range": {
          "from": 0,
          "to": 7
         },
         "type": "Underscored",
         "param": ""
        }
       ]
      },
      "checked": false,
      "color": "",
      "iconEmoji": "",
      "iconImage": ""
     }
    },
    {
     "id": "666823afa2d36e17b49a2031",
     "fields": null,
     "restrictions": null,
     "childrenIds": [
     ],
     "backgroundColor": "",
     "align": "AlignLeft",
     "verticalAlign": "VerticalAlignTop",
     "text": {
      "text": "A trace describes the tracking of a request while it passes through the services. A trace consists of multiple units of work which represent the different events that occur while the request is passing the system.",
      "style": "Paragraph",
      "marks": {
       "marks": [
       ]
      },
      "checked": false,
      "color": "",
      "iconEmoji": "",
      "iconImage": ""
     }
    },
    {
     "id": "666823b7a2d36e17b49a2037",
     "fields": null,
     "restrictions": null,
     "childrenIds": [
     ],
     "backgroundColor": "",
     "align": "AlignLeft",
     "verticalAlign": "VerticalAlignTop",
     "text": {
      "text": "These traces can be stored and analyzed in a tracing system like Jaeger.",
      "style": "Paragraph",
      "marks": {
       "marks": [
        {
         "range": {
          "from": 65,
          "to": 71
         },
         "type": "Underscored",
         "param": ""
        },
        {
         "range": {
          "from": 65,
          "to": 71
         },
         "type": "Link",
         "param": "https://www.jaegertracing.io/"
        }
       ]
      },
      "checked": false,
      "color": "",
      "iconEmoji": "",
      "iconImage": ""
     }
    },
    {
     "id": "666823b8a2d36e17b49a2039",
     "fields": null,
     "restrictions": null,
     "childrenIds": [
     ],
     "backgroundColor": "",
     "align": "AlignLeft",
     "verticalAlign": "VerticalAlignTop",
     "text": {
      "text": "The OpenTelemetry project is a set of application programming interfaces (APIs), software development kits (SDKs) and tools that can be used to integrate telemetry such as metrics, protocols, but especially traces into applications and infrastructures. The OpenTelemetry clients can be used to export telemetry data in a standardized format to central platforms like Jaeger.",
      "style": "Paragraph",
      "marks": {
       "marks": [
       ]
      },
      "checked": false,
      "color": "",
      "iconEmoji": "",
      "iconImage": ""
     }
    },
    {
     "id": "6668240fa2d36e17b49a203f",
     "fields": null,
     "restrictions": null,
     "childrenIds": [
     ],
     "backgroundColor": "",
     "align": "AlignLeft",
     "verticalAlign": "VerticalAlignTop",
     "text": {
      "text": "",
      "style": "Paragraph",
      "marks": {
       "marks": [
       ]
      },
      "checked": false,
      "color": "",
      "iconEmoji": "",
      "iconImage": ""
     }
    },
    {
     "id": "6665ab13a2d36e05f01607ac",
     "fields": null,
     "restrictions": {
      "read": false,
      "edit": false,
      "remove": false,
      "drag": false,
      "dropOn": false
     },
     "childrenIds": [
     ],
     "backgroundColor": "",
     "align": "AlignLeft",
     "verticalAlign": "VerticalAlignTop",
     "text": {
      "text": "Cost Management",
      "style": "Header2",
      "marks": {
       "marks": [
        {
         "range": {
          "from": 0,
          "to": 15
         },
         "type": "Underscored",
         "param": ""
        }
       ]
      },
      "checked": false,
      "color": "",
      "iconEmoji": "",
      "iconImage": ""
     }
    },
    {
     "id": "6668265ea2d36e17b49a2044",
     "fields": null,
     "restrictions": null,
     "childrenIds": [
     ],
     "backgroundColor": "",
     "align": "AlignLeft",
     "verticalAlign": "VerticalAlignTop",
     "text": {
      "text": "The possibilities of cloud computing allow us to draw from a theoretically infinite pool of resources and only pay for them when they are really needed.",
      "style": "Paragraph",
      "marks": {
       "marks": [
       ]
      },
      "checked": false,
      "color": "",
      "iconEmoji": "",
      "iconImage": ""
     }
    },
    {
     "id": "6665a1b9a2d36e05f01606b2",
     "fields": {
      },
     "restrictions": null,
     "childrenIds": [
     ],
     "backgroundColor": "",
     "align": "AlignLeft",
     "verticalAlign": "VerticalAlignTop"
    }
   ],
   "details": {
     "backlinks": [
        "bafyreibmnn622g6th3ihh5q5lnkxsefw7y47t5whhean57mvjk3ux7la5e"
       ],
     "coverId": "sky",
     "coverScale": 0,
     "coverType": 3,
     "coverX": 0,
     "coverY": 0,
     "createdDate": 1717939644,
     "creator": "_participant_bafyreib5epdcggbj3lypetjrry4fhk5hucwpol4q3zhyhsnu6zliih2pha_ofy6cn5utfaz_A5ryJu1aBASRCoTHxHpucFGZCvDJuMYqBvneEWsrVC54cDEB",
     "featuredRelations": [
        "type",
        "backlinks"
       ],
     "iconEmoji": "",
     "iconImage": "bafyreie7wgyrz3ysfsphfj7ohdddddwq2w3dgzfozfzll53kz5mm4syauy",
     "id": "bafyreibqrzav5ivjtmxphoycgeayvrfmrerppm5kprt52vo2vds4vvcsqe",
     "lastModifiedBy": "_participant_bafyreib5epdcggbj3lypetjrry4fhk5hucwpol4q3zhyhsnu6zliih2pha_ofy6cn5utfaz_A5ryJu1aBASRCoTHxHpucFGZCvDJuMYqBvneEWsrVC54cDEB",
     "lastModifiedDate": 1718102194,
     "lastOpenedDate": 1732176698,
     "layout": 0,
     "links": [
       ],
     "mentions": [
       ],
     "name": "07. Cloud Native Observability",
     "restrictions": [
       ],
     "snippet": "Observability\nThe term observability is closely related to the control theory which deals with behavior of dynamic systems. In essence, the control theory describes how external outputs of systems can be measured to manipulate the behavior of the system.\nThe higher goal of observability is to …",
     "sourceObject": "bafyreiax5it6zsrs3iliti2vah42upfx626amwo7whoinoo6tmh6cjidya",
     "spaceId": "bafyreib5epdcggbj3lypetjrry4fhk5hucwpol4q3zhyhsnu6zliih2pha.ofy6cn5utfaz",
     "syncDate": 1732176851,
     "syncError": 0,
     "syncStatus": 0,
     "type": "bafyreicnmrx53lp6kfrcb6df2aay3gkk7zseoz6xa6fixdzu2ra466jage"
    },
   "fileKeys": null,
   "extraRelations": [
   ],
   "objectTypes": [
    "ot-page"
   ],
   "collections": null,
   "removedCollectionKeys": [
   ],
   "relationLinks": [
    {
     "key": "id",
     "format": "object"
    },
    {
     "key": "name",
     "format": "shorttext"
    },
    {
     "key": "description",
     "format": "longtext"
    },
    {
     "key": "snippet",
     "format": "longtext"
    },
    {
     "key": "iconEmoji",
     "format": "emoji"
    },
    {
     "key": "iconImage",
     "format": "file"
    },
    {
     "key": "type",
     "format": "object"
    },
    {
     "key": "layout",
     "format": "number"
    },
    {
     "key": "layoutAlign",
     "format": "number"
    },
    {
     "key": "coverId",
     "format": "longtext"
    },
    {
     "key": "coverScale",
     "format": "number"
    },
    {
     "key": "coverType",
     "format": "number"
    },
    {
     "key": "coverX",
     "format": "number"
    },
    {
     "key": "coverY",
     "format": "number"
    },
    {
     "key": "createdDate",
     "format": "date"
    },
    {
     "key": "creator",
     "format": "object"
    },
    {
     "key": "lastModifiedDate",
     "format": "date"
    },
    {
     "key": "lastModifiedBy",
     "format": "object"
    },
    {
     "key": "lastOpenedDate",
     "format": "date"
    },
    {
     "key": "featuredRelations",
     "format": "object"
    },
    {
     "key": "isFavorite",
     "format": "checkbox"
    },
    {
     "key": "workspaceId",
     "format": "object"
    },
    {
     "key": "spaceId",
     "format": "object"
    },
    {
     "key": "links",
     "format": "object"
    },
    {
     "key": "internalFlags",
     "format": "number"
    },
    {
     "key": "restrictions",
     "format": "number"
    },
    {
     "key": "backlinks",
     "format": "object"
    },
    {
     "key": "sourceObject",
     "format": "object"
    },
    {
     "key": "isArchived",
     "format": "checkbox"
    },
    {
     "key": "syncDate",
     "format": "date"
    },
    {
     "key": "syncStatus",
     "format": "number"
    },
    {
     "key": "syncError",
     "format": "number"
    },
    {
     "key": "mentions",
     "format": "object"
    }
   ],
   "key": "",
   "originalCreatedTimestamp": "0",
   "fileInfo": null
  },
  "fileKeys": [
  ]
 }
}