{
 "sbType": "Page",
 "snapshot": {
  "logHeads": {
  },
  "data": {
   "blocks": [
    {
     "id": "bafyreia4r3cutd2pq4c23c7z4okskbejv2vomvdee3cogsm4jzj7bvg3qa",
     "fields": {
       "width": 0.5
      },
     "restrictions": null,
     "childrenIds": [
      "header",
      "div-6665a1b9a2d36e05f01606e4",
      "div-6665a1b9a2d36e05f01606e5"
     ],
     "backgroundColor": "",
     "align": "AlignLeft",
     "verticalAlign": "VerticalAlignTop",
     "smartblock": {

     }
    },
    {
     "id": "header",
     "fields": null,
     "restrictions": {
      "read": false,
      "edit": true,
      "remove": true,
      "drag": true,
      "dropOn": true
     },
     "childrenIds": [
      "title",
      "featuredRelations"
     ],
     "backgroundColor": "",
     "align": "AlignLeft",
     "verticalAlign": "VerticalAlignTop",
     "layout": {
      "style": "Header"
     }
    },
    {
     "id": "div-6665a1b9a2d36e05f01606e4",
     "fields": null,
     "restrictions": null,
     "childrenIds": [
      "6665a1b9a2d36e05f01606b2",
      "6665a1b9a2d36e05f01606b3",
      "6665a4e7a2d36e05f0160724",
      "6665a512a2d36e05f0160725",
      "6665a524a2d36e05f016072d",
      "6665a53ea2d36e05f016072f",
      "6665a571a2d36e05f0160730",
      "6665a57ba2d36e05f0160731",
      "6665a5daa2d36e05f0160732",
      "6665a5f3a2d36e05f0160733",
      "6665a618a2d36e05f0160734",
      "6665a63fa2d36e05f0160735",
      "6665a654a2d36e05f0160736",
      "6665a67ca2d36e05f0160738",
      "6665a683a2d36e05f0160739",
      "6665a68ea2d36e05f016073a",
      "6665a698a2d36e05f016073b",
      "6665a6b5a2d36e05f016073c",
      "6665a1b9a2d36e05f01606b4",
      "6665a6baa2d36e05f016073d",
      "6665a6dba2d36e05f016073e",
      "6665a6e7a2d36e05f016073f",
      "6665a6eba2d36e05f0160740",
      "6665a6f3a2d36e05f0160741",
      "6665a6f6a2d36e05f0160742",
      "6665a6fca2d36e05f0160743",
      "6665a809a2d36e05f0160762",
      "6665a838a2d36e05f0160764",
      "6665a863a2d36e05f0160765",
      "6665a1b9a2d36e05f01606b5",
      "6665a881a2d36e05f016076b",
      "6665a89aa2d36e05f016076d",
      "6665a8a5a2d36e05f016076e",
      "6665a8e9a2d36e05f016077e",
      "6665a914a2d36e05f016077f",
      "6665a1b9a2d36e05f01606b6",
      "6665aa0da2d36e05f016078f",
      "6665aa25a2d36e05f0160796",
      "6665aa4ca2d36e05f016079d",
      "6665aa62a2d36e05f01607a4"
     ],
     "backgroundColor": "",
     "align": "AlignLeft",
     "verticalAlign": "VerticalAlignTop",
     "layout": {
      "style": "Div"
     }
    },
    {
     "id": "div-6665a1b9a2d36e05f01606e5",
     "fields": null,
     "restrictions": null,
     "childrenIds": [
      "6665a1b9a2d36e05f01606b7",
      "6665a1b9a2d36e05f01606b8",
      "6665a1b9a2d36e05f01606b9",
      "6665a1b9a2d36e05f01606ba",
      "6665a1b9a2d36e05f01606bb",
      "6665a1b9a2d36e05f01606bc",
      "6665a1b9a2d36e05f01606bd",
      "6665a1b9a2d36e05f01606be",
      "6665a1b9a2d36e05f01606bf",
      "6665a1b9a2d36e05f01606c0",
      "6665a1b9a2d36e05f01606c1",
      "6665a1b9a2d36e05f01606c2",
      "6665a1b9a2d36e05f01606c3",
      "6665a1b9a2d36e05f01606c4",
      "6665a1b9a2d36e05f01606c5",
      "6665a1b9a2d36e05f01606c6",
      "6665a1b9a2d36e05f01606c7",
      "6665a1b9a2d36e05f01606c8",
      "6665a1b9a2d36e05f01606c9",
      "6665a1b9a2d36e05f01606ca",
      "6665a1b9a2d36e05f01606cb",
      "6665a1b9a2d36e05f01606cc",
      "6665a1b9a2d36e05f01606cd",
      "6665a1b9a2d36e05f01606ce",
      "6665a1b9a2d36e05f01606cf",
      "6665a1b9a2d36e05f01606d0",
      "6665a1b9a2d36e05f01606d1",
      "6665a1b9a2d36e05f01606d2",
      "6665a1b9a2d36e05f01606d3",
      "6665a1b9a2d36e05f01606d4",
      "6665a1b9a2d36e05f01606d5",
      "6665a1b9a2d36e05f01606d6",
      "6665a1b9a2d36e05f01606d7",
      "6665a1b9a2d36e05f01606d8",
      "6665a1b9a2d36e05f01606d9",
      "6665a1b9a2d36e05f01606da",
      "6665a1b9a2d36e05f01606db",
      "6665a1b9a2d36e05f01606dc",
      "6665a1b9a2d36e05f01606dd"
     ],
     "backgroundColor": "",
     "align": "AlignLeft",
     "verticalAlign": "VerticalAlignTop",
     "layout": {
      "style": "Div"
     }
    },
    {
     "id": "title",
     "fields": {
       "_detailsKey": [
          "name",
          "done"
         ]
      },
     "restrictions": {
      "read": false,
      "edit": false,
      "remove": true,
      "drag": true,
      "dropOn": true
     },
     "childrenIds": [
     ],
     "backgroundColor": "",
     "align": "AlignLeft",
     "verticalAlign": "VerticalAlignTop",
     "text": {
      "text": "",
      "style": "Title",
      "marks": {
       "marks": [
       ]
      },
      "checked": false,
      "color": "",
      "iconEmoji": "",
      "iconImage": ""
     }
    },
    {
     "id": "featuredRelations",
     "fields": null,
     "restrictions": {
      "read": false,
      "edit": false,
      "remove": true,
      "drag": true,
      "dropOn": true
     },
     "childrenIds": [
     ],
     "backgroundColor": "",
     "align": "AlignLeft",
     "verticalAlign": "VerticalAlignTop",
     "featuredRelations": {

     }
    },
    {
     "id": "6665a1b9a2d36e05f01606b2",
     "fields": {
      },
     "restrictions": null,
     "childrenIds": [
     ],
     "backgroundColor": "",
     "align": "AlignLeft",
     "verticalAlign": "VerticalAlignTop"
    },
    {
     "id": "6665a1b9a2d36e05f01606b3",
     "fields": {
      },
     "restrictions": null,
     "childrenIds": [
     ],
     "backgroundColor": "",
     "align": "AlignLeft",
     "verticalAlign": "VerticalAlignTop",
     "text": {
      "text": "Cloud Native Architecture Fundamentals",
      "style": "Header2",
      "marks": {
       "marks": [
        {
         "range": {
          "from": 0,
          "to": 38
         },
         "type": "Underscored",
         "param": ""
        }
       ]
      },
      "checked": false,
      "color": "",
      "iconEmoji": "",
      "iconImage": ""
     }
    },
    {
     "id": "6665a4e7a2d36e05f0160724",
     "fields": null,
     "restrictions": null,
     "childrenIds": [
     ],
     "backgroundColor": "",
     "align": "AlignLeft",
     "verticalAlign": "VerticalAlignTop",
     "text": {
      "text": "The CNCF defines the term cloud native as the following:",
      "style": "Paragraph",
      "marks": {
       "marks": [
        {
         "range": {
          "from": 26,
          "to": 38
         },
         "type": "Italic",
         "param": ""
        },
        {
         "range": {
          "from": 26,
          "to": 38
         },
         "type": "Bold",
         "param": ""
        }
       ]
      },
      "checked": false,
      "color": "",
      "iconEmoji": "",
      "iconImage": ""
     }
    },
    {
     "id": "6665a512a2d36e05f0160725",
     "fields": null,
     "restrictions": null,
     "childrenIds": [
     ],
     "backgroundColor": "",
     "align": "AlignLeft",
     "verticalAlign": "VerticalAlignTop",
     "text": {
      "text": "\"Cloud native technologies empower organizations to build and run scalable applications in modern, dynamic environments such as public, private, and hybrid clouds. Containers, service meshes, microservices, immutable infrastructure, and declarative APIs exemplify this approach.",
      "style": "Paragraph",
      "marks": {
       "marks": [
        {
         "range": {
          "from": 1,
          "to": 278
         },
         "type": "Italic",
         "param": ""
        }
       ]
      },
      "checked": false,
      "color": "",
      "iconEmoji": "",
      "iconImage": ""
     }
    },
    {
     "id": "6665a524a2d36e05f016072d",
     "fields": null,
     "restrictions": null,
     "childrenIds": [
     ],
     "backgroundColor": "",
     "align": "AlignLeft",
     "verticalAlign": "VerticalAlignTop",
     "text": {
      "text": "These techniques enable loosely coupled systems that are resilient, manageable, and observable. Combined with robust automation, they allow engineers to make high-impact changes frequently and predictably with minimal toil. […]\"",
      "style": "Paragraph",
      "marks": {
       "marks": [
        {
         "range": {
          "from": 0,
          "to": 223
         },
         "type": "Italic",
         "param": ""
        },
        {
         "range": {
          "from": 224,
          "to": 227
         },
         "type": "Italic",
         "param": ""
        }
       ]
      },
      "checked": false,
      "color": "",
      "iconEmoji": "",
      "iconImage": ""
     }
    },
    {
     "id": "6665a53ea2d36e05f016072f",
     "fields": null,
     "restrictions": null,
     "childrenIds": [
     ],
     "backgroundColor": "",
     "align": "AlignLeft",
     "verticalAlign": "VerticalAlignTop",
     "text": {
      "text": "Monolithic vs Microservices Architecture",
      "style": "Paragraph",
      "marks": {
       "marks": [
        {
         "range": {
          "from": 0,
          "to": 40
         },
         "type": "Bold",
         "param": ""
        }
       ]
      },
      "checked": false,
      "color": "",
      "iconEmoji": "",
      "iconImage": ""
     }
    },
    {
     "id": "6665a571a2d36e05f0160730",
     "fields": null,
     "restrictions": null,
     "childrenIds": [
     ],
     "backgroundColor": "",
     "align": "AlignLeft",
     "verticalAlign": "VerticalAlignTop",
     "text": {
      "text": "Monolithic Architecture: an application usually has a single code base and is provided as a single binary file that can run on a server",
      "style": "Paragraph",
      "marks": {
       "marks": [
       ]
      },
      "checked": false,
      "color": "",
      "iconEmoji": "",
      "iconImage": ""
     }
    },
    {
     "id": "6665a57ba2d36e05f0160731",
     "fields": null,
     "restrictions": null,
     "childrenIds": [
     ],
     "backgroundColor": "",
     "align": "AlignLeft",
     "verticalAlign": "VerticalAlignTop",
     "text": {
      "text": "all the funcionalities are in the same application",
      "style": "Marked",
      "marks": {
       "marks": [
       ]
      },
      "checked": false,
      "color": "",
      "iconEmoji": "",
      "iconImage": ""
     }
    },
    {
     "id": "6665a5daa2d36e05f0160732",
     "fields": null,
     "restrictions": null,
     "childrenIds": [
     ],
     "backgroundColor": "",
     "align": "AlignLeft",
     "verticalAlign": "VerticalAlignTop",
     "text": {
      "text": "easy to develop and deploy",
      "style": "Marked",
      "marks": {
       "marks": [
       ]
      },
      "checked": false,
      "color": "",
      "iconEmoji": "",
      "iconImage": ""
     }
    },
    {
     "id": "6665a5f3a2d36e05f0160733",
     "fields": null,
     "restrictions": null,
     "childrenIds": [
     ],
     "backgroundColor": "",
     "align": "AlignLeft",
     "verticalAlign": "VerticalAlignTop",
     "text": {
      "text": "very difficult to manage complexity, scale across multiple teams, implement changes fast or scale efficiently",
      "style": "Marked",
      "marks": {
       "marks": [
       ]
      },
      "checked": false,
      "color": "",
      "iconEmoji": "",
      "iconImage": ""
     }
    },
    {
     "id": "6665a618a2d36e05f0160734",
     "fields": null,
     "restrictions": null,
     "childrenIds": [
     ],
     "backgroundColor": "",
     "align": "AlignLeft",
     "verticalAlign": "VerticalAlignTop",
     "text": {
      "text": "Microservices Architecture: multiple decoupled applications that communicate with each other in a network",
      "style": "Paragraph",
      "marks": {
       "marks": [
       ]
      },
      "checked": false,
      "color": "",
      "iconEmoji": "",
      "iconImage": ""
     }
    },
    {
     "id": "6665a63fa2d36e05f0160735",
     "fields": null,
     "restrictions": null,
     "childrenIds": [
     ],
     "backgroundColor": "",
     "align": "AlignLeft",
     "verticalAlign": "VerticalAlignTop",
     "text": {
      "text": "the funcionalities are provided in many different applications",
      "style": "Marked",
      "marks": {
       "marks": [
       ]
      },
      "checked": false,
      "color": "",
      "iconEmoji": "",
      "iconImage": ""
     }
    },
    {
     "id": "6665a654a2d36e05f0160736",
     "fields": null,
     "restrictions": null,
     "childrenIds": [
     ],
     "backgroundColor": "",
     "align": "AlignLeft",
     "verticalAlign": "VerticalAlignTop",
     "text": {
      "text": "easy to manage complexity",
      "style": "Marked",
      "marks": {
       "marks": [
       ]
      },
      "checked": false,
      "color": "",
      "iconEmoji": "",
      "iconImage": ""
     }
    },
    {
     "id": "6665a67ca2d36e05f0160738",
     "fields": null,
     "restrictions": null,
     "childrenIds": [
     ],
     "backgroundColor": "",
     "align": "AlignLeft",
     "verticalAlign": "VerticalAlignTop",
     "text": {
      "text": "easy to maintain applications",
      "style": "Marked",
      "marks": {
       "marks": [
       ]
      },
      "checked": false,
      "color": "",
      "iconEmoji": "",
      "iconImage": ""
     }
    },
    {
     "id": "6665a683a2d36e05f0160739",
     "fields": null,
     "restrictions": null,
     "childrenIds": [
     ],
     "backgroundColor": "",
     "align": "AlignLeft",
     "verticalAlign": "VerticalAlignTop",
     "text": {
      "text": "operate and scale applications individually",
      "style": "Marked",
      "marks": {
       "marks": [
       ]
      },
      "checked": false,
      "color": "",
      "iconEmoji": "",
      "iconImage": ""
     }
    },
    {
     "id": "6665a68ea2d36e05f016073a",
     "fields": null,
     "restrictions": null,
     "childrenIds": [
     ],
     "backgroundColor": "",
     "align": "AlignLeft",
     "verticalAlign": "VerticalAlignTop",
     "text": {
      "text": "scale efficiently and across multiple teams",
      "style": "Marked",
      "marks": {
       "marks": [
       ]
      },
      "checked": false,
      "color": "",
      "iconEmoji": "",
      "iconImage": ""
     }
    },
    {
     "id": "6665a698a2d36e05f016073b",
     "fields": null,
     "restrictions": null,
     "childrenIds": [
     ],
     "backgroundColor": "",
     "align": "AlignLeft",
     "verticalAlign": "VerticalAlignTop",
     "text": {
      "text": "each team can hold ownership of different functions",
      "style": "Marked",
      "marks": {
       "marks": [
       ]
      },
      "checked": false,
      "color": "",
      "iconEmoji": "",
      "iconImage": ""
     }
    },
    {
     "id": "6665a6b5a2d36e05f016073c",
     "fields": null,
     "restrictions": null,
     "childrenIds": [
     ],
     "backgroundColor": "",
     "align": "AlignLeft",
     "verticalAlign": "VerticalAlignTop",
     "text": {
      "text": "",
      "style": "Paragraph",
      "marks": {
       "marks": [
       ]
      },
      "checked": false,
      "color": "",
      "iconEmoji": "",
      "iconImage": ""
     }
    },
    {
     "id": "6665a1b9a2d36e05f01606b4",
     "fields": {
      },
     "restrictions": null,
     "childrenIds": [
     ],
     "backgroundColor": "",
     "align": "AlignLeft",
     "verticalAlign": "VerticalAlignTop",
     "text": {
      "text": "Characteristics of Cloud Native Architecture",
      "style": "Header2",
      "marks": {
       "marks": [
        {
         "range": {
          "from": 0,
          "to": 44
         },
         "type": "Underscored",
         "param": ""
        }
       ]
      },
      "checked": false,
      "color": "",
      "iconEmoji": "",
      "iconImage": ""
     }
    },
    {
     "id": "6665a6baa2d36e05f016073d",
     "fields": null,
     "restrictions": null,
     "childrenIds": [
     ],
     "backgroundColor": "",
     "align": "AlignLeft",
     "verticalAlign": "VerticalAlignTop",
     "text": {
      "text": "Characteristics of Cloud Native Architecture are:",
      "style": "Paragraph",
      "marks": {
       "marks": [
       ]
      },
      "checked": false,
      "color": "",
      "iconEmoji": "",
      "iconImage": ""
     }
    },
    {
     "id": "6665a6dba2d36e05f016073e",
     "fields": null,
     "restrictions": null,
     "childrenIds": [
     ],
     "backgroundColor": "",
     "align": "AlignLeft",
     "verticalAlign": "VerticalAlignTop",
     "text": {
      "text": "High level of automation automation in every step from development to deployment can be achieved by using modern automation tools and CI/CD pipelines that are backed by a Version Control System like git",
      "style": "Marked",
      "marks": {
       "marks": [
        {
         "range": {
          "from": 0,
          "to": 24
         },
         "type": "Bold",
         "param": ""
        },
        {
         "range": {
          "from": 0,
          "to": 24
         },
         "type": "Underscored",
         "param": ""
        }
       ]
      },
      "checked": false,
      "color": "",
      "iconEmoji": "",
      "iconImage": ""
     }
    },
    {
     "id": "6665a6e7a2d36e05f016073f",
     "fields": null,
     "restrictions": null,
     "childrenIds": [
     ],
     "backgroundColor": "",
     "align": "AlignLeft",
     "verticalAlign": "VerticalAlignTop",
     "text": {
      "text": "Self healing cloud native application frameworks and infrastructure components include health checks which help monitor the application from inside and automatically restart if it fails (or if necessary)",
      "style": "Marked",
      "marks": {
       "marks": [
        {
         "range": {
          "from": 0,
          "to": 12
         },
         "type": "Bold",
         "param": ""
        },
        {
         "range": {
          "from": 0,
          "to": 12
         },
         "type": "Underscored",
         "param": ""
        }
       ]
      },
      "checked": false,
      "color": "",
      "iconEmoji": "",
      "iconImage": ""
     }
    },
    {
     "id": "6665a6eba2d36e05f0160740",
     "fields": null,
     "restrictions": null,
     "childrenIds": [
     ],
     "backgroundColor": "",
     "align": "AlignLeft",
     "verticalAlign": "VerticalAlignTop",
     "text": {
      "text": "Scalable scaling describes the process of handling more load while still providing a pleasant user experience (see Vertical/Horizontal scaling)",
      "style": "Marked",
      "marks": {
       "marks": [
        {
         "range": {
          "from": 0,
          "to": 8
         },
         "type": "Bold",
         "param": ""
        },
        {
         "range": {
          "from": 0,
          "to": 8
         },
         "type": "Underscored",
         "param": ""
        }
       ]
      },
      "checked": false,
      "color": "",
      "iconEmoji": "",
      "iconImage": ""
     }
    },
    {
     "id": "6665a6f3a2d36e05f0160741",
     "fields": null,
     "restrictions": null,
     "childrenIds": [
     ],
     "backgroundColor": "",
     "align": "AlignLeft",
     "verticalAlign": "VerticalAlignTop",
     "text": {
      "text": "Cost-Efficient just like scaling up your application for high traffic situations, scaling down your application and the usage-based pricing models of cloud providers can save costs if traffic is low",
      "style": "Marked",
      "marks": {
       "marks": [
        {
         "range": {
          "from": 0,
          "to": 14
         },
         "type": "Bold",
         "param": ""
        },
        {
         "range": {
          "from": 0,
          "to": 14
         },
         "type": "Underscored",
         "param": ""
        }
       ]
      },
      "checked": false,
      "color": "",
      "iconEmoji": "",
      "iconImage": ""
     }
    },
    {
     "id": "6665a6f6a2d36e05f0160742",
     "fields": null,
     "restrictions": null,
     "childrenIds": [
     ],
     "backgroundColor": "",
     "align": "AlignLeft",
     "verticalAlign": "VerticalAlignTop",
     "text": {
      "text": "Easy to maintain using Microservices allows to break down applications in smaller pieces and make them more portable, easier to test and to distribute across multiple teams",
      "style": "Marked",
      "marks": {
       "marks": [
        {
         "range": {
          "from": 23,
          "to": 36
         },
         "type": "Italic",
         "param": ""
        },
        {
         "range": {
          "from": 0,
          "to": 16
         },
         "type": "Bold",
         "param": ""
        },
        {
         "range": {
          "from": 0,
          "to": 16
         },
         "type": "Underscored",
         "param": ""
        }
       ]
      },
      "checked": false,
      "color": "",
      "iconEmoji": "",
      "iconImage": ""
     }
    },
    {
     "id": "6665a6fca2d36e05f0160743",
     "fields": null,
     "restrictions": null,
     "childrenIds": [
     ],
     "backgroundColor": "",
     "align": "AlignLeft",
     "verticalAlign": "VerticalAlignTop",
     "text": {
      "text": "Secure by default cloud environments are often shared between multiple customers or teams, which calls for different security models; patterns like \"zero trust computing\" requires authentication from every user and process",
      "style": "Marked",
      "marks": {
       "marks": [
        {
         "range": {
          "from": 0,
          "to": 17
         },
         "type": "Bold",
         "param": ""
        },
        {
         "range": {
          "from": 0,
          "to": 17
         },
         "type": "Underscored",
         "param": ""
        }
       ]
      },
      "checked": false,
      "color": "",
      "iconEmoji": "",
      "iconImage": ""
     }
    },
    {
     "id": "6665a809a2d36e05f0160762",
     "fields": null,
     "restrictions": null,
     "childrenIds": [
     ],
     "backgroundColor": "",
     "align": "AlignLeft",
     "verticalAlign": "VerticalAlignTop",
     "text": {
      "text": "reference twelve-factor app (methodology for building software-as-a-service) at 12factor.net",
      "style": "Quote",
      "marks": {
       "marks": [
        {
         "range": {
          "from": 80,
          "to": 92
         },
         "type": "Link",
         "param": "http://12factor.net"
        },
        {
         "range": {
          "from": 80,
          "to": 92
         },
         "type": "TextColor",
         "param": "pink"
        }
       ]
      },
      "checked": false,
      "color": "",
      "iconEmoji": "",
      "iconImage": ""
     }
    },
    {
     "id": "6665a838a2d36e05f0160764",
     "fields": null,
     "restrictions": null,
     "childrenIds": [
     ],
     "backgroundColor": "",
     "align": "AlignLeft",
     "verticalAlign": "VerticalAlignTop",
     "text": {
      "text": "reference zero trust security model (approach to the strategy, design and implementation of IT systems) at  zero trust security model",
      "style": "Quote",
      "marks": {
       "marks": [
        {
         "range": {
          "from": 108,
          "to": 133
         },
         "type": "Link",
         "param": "https://en.wikipedia.org/wiki/Zero_trust_security_model"
        },
        {
         "range": {
          "from": 108,
          "to": 133
         },
         "type": "TextColor",
         "param": "pink"
        }
       ]
      },
      "checked": false,
      "color": "",
      "iconEmoji": "",
      "iconImage": ""
     }
    },
    {
     "id": "6665a863a2d36e05f0160765",
     "fields": null,
     "restrictions": null,
     "childrenIds": [
     ],
     "backgroundColor": "",
     "align": "AlignLeft",
     "verticalAlign": "VerticalAlignTop",
     "text": {
      "text": "",
      "style": "Paragraph",
      "marks": {
       "marks": [
       ]
      },
      "checked": false,
      "color": "",
      "iconEmoji": "",
      "iconImage": ""
     }
    },
    {
     "id": "6665a1b9a2d36e05f01606b5",
     "fields": {
      },
     "restrictions": null,
     "childrenIds": [
     ],
     "backgroundColor": "",
     "align": "AlignLeft",
     "verticalAlign": "VerticalAlignTop",
     "text": {
      "text": "Autoscaling",
      "style": "Header2",
      "marks": {
       "marks": [
        {
         "range": {
          "from": 0,
          "to": 11
         },
         "type": "Underscored",
         "param": ""
        }
       ]
      },
      "checked": false,
      "color": "",
      "iconEmoji": "",
      "iconImage": ""
     }
    },
    {
     "id": "6665a881a2d36e05f016076b",
     "fields": null,
     "restrictions": null,
     "childrenIds": [
     ],
     "backgroundColor": "",
     "align": "AlignLeft",
     "verticalAlign": "VerticalAlignTop",
     "text": {
      "text": "The autoscaling pattern describes the dynamic adjustment of resources based on the current demand. CPU and memory are the obvious metrics to decide on when to scale applications as load increases or decreases, but other methods based on time or business metrics can also be considered to scale your services up or down.",
      "style": "Paragraph",
      "marks": {
       "marks": [
       ]
      },
      "checked": false,
      "color": "",
      "iconEmoji": "",
      "iconImage": ""
     }
    },
    {
     "id": "6665a89aa2d36e05f016076d",
     "fields": null,
     "restrictions": null,
     "childrenIds": [
     ],
     "backgroundColor": "",
     "align": "AlignLeft",
     "verticalAlign": "VerticalAlignTop",
     "text": {
      "text": "Vertical Scaling describes the change in size of the underlying hardware, which only works within certain hardware limits for bare metal, but also for virtual machines",
      "style": "Marked",
      "marks": {
       "marks": [
        {
         "range": {
          "from": 0,
          "to": 16
         },
         "type": "Bold",
         "param": ""
        },
        {
         "range": {
          "from": 0,
          "to": 16
         },
         "type": "Underscored",
         "param": ""
        }
       ]
      },
      "checked": false,
      "color": "",
      "iconEmoji": "",
      "iconImage": ""
     }
    },
    {
     "id": "6665a8a5a2d36e05f016076e",
     "fields": null,
     "restrictions": null,
     "childrenIds": [
     ],
     "backgroundColor": "",
     "align": "AlignLeft",
     "verticalAlign": "VerticalAlignTop",
     "text": {
      "text": "Horizontal Scaling describes the process of spawning new compute resources which can be new copies of your application process, virtual machines, or - in a less immediate way - even new racks of servers and other hardware",
      "style": "Marked",
      "marks": {
       "marks": [
        {
         "range": {
          "from": 0,
          "to": 18
         },
         "type": "Bold",
         "param": ""
        },
        {
         "range": {
          "from": 0,
          "to": 18
         },
         "type": "Underscored",
         "param": ""
        }
       ]
      },
      "checked": false,
      "color": "",
      "iconEmoji": "",
      "iconImage": ""
     }
    },
    {
     "id": "6665a8e9a2d36e05f016077e",
     "fields": null,
     "restrictions": null,
     "childrenIds": [
     ],
     "backgroundColor": "",
     "align": "AlignLeft",
     "verticalAlign": "VerticalAlignTop",
     "text": {
      "text": "Talking about Autoscaling we are talking about Horizontal Scaling.",
      "style": "Paragraph",
      "marks": {
       "marks": [
        {
         "range": {
          "from": 0,
          "to": 66
         },
         "type": "Italic",
         "param": ""
        },
        {
         "range": {
          "from": 0,
          "to": 66
         },
         "type": "Bold",
         "param": ""
        }
       ]
      },
      "checked": false,
      "color": "",
      "iconEmoji": "",
      "iconImage": ""
     }
    },
    {
     "id": "6665a914a2d36e05f016077f",
     "fields": null,
     "restrictions": null,
     "childrenIds": [
     ],
     "backgroundColor": "",
     "align": "AlignLeft",
     "verticalAlign": "VerticalAlignTop",
     "text": {
      "text": "",
      "style": "Paragraph",
      "marks": {
       "marks": [
       ]
      },
      "checked": false,
      "color": "",
      "iconEmoji": "",
      "iconImage": ""
     }
    },
    {
     "id": "6665a1b9a2d36e05f01606b6",
     "fields": {
      },
     "restrictions": null,
     "childrenIds": [
     ],
     "backgroundColor": "",
     "align": "AlignLeft",
     "verticalAlign": "VerticalAlignTop",
     "text": {
      "text": "Serverless",
      "style": "Header2",
      "marks": {
       "marks": [
        {
         "range": {
          "from": 0,
          "to": 10
         },
         "type": "Underscored",
         "param": ""
        }
       ]
      },
      "checked": false,
      "color": "",
      "iconEmoji": "",
      "iconImage": ""
     }
    },
    {
     "id": "6665aa0da2d36e05f016078f",
     "fields": null,
     "restrictions": null,
     "childrenIds": [
     ],
     "backgroundColor": "",
     "align": "AlignLeft",
     "verticalAlign": "VerticalAlignTop",
     "text": {
      "text": "Cloud providers suggest that it is very easy to deploy applications, but require that you prepare and configure several resources like a network, virtual machines, operating systems and load balancers to run a simple web application. The idea of serverless computing is to relieve developers of these complicated tasks.",
      "style": "Paragraph",
      "marks": {
       "marks": [
        {
         "range": {
          "from": 0,
          "to": 319
         },
         "type": "Bold",
         "param": ""
        }
       ]
      },
      "checked": false,
      "color": "",
      "iconEmoji": "",
      "iconImage": ""
     }
    },
    {
     "id": "6665aa25a2d36e05f0160796",
     "fields": null,
     "restrictions": null,
     "childrenIds": [
     ],
     "backgroundColor": "",
     "align": "AlignLeft",
     "verticalAlign": "VerticalAlignTop",
     "text": {
      "text": "All popular cloud vendors have one or more commercial offerings of proprietary serverless runtimes and a subset of serverless, also known as Function as a Service (FaaS).",
      "style": "Paragraph",
      "marks": {
       "marks": [
       ]
      },
      "checked": false,
      "color": "",
      "iconEmoji": "",
      "iconImage": ""
     }
    },
    {
     "id": "6665aa4ca2d36e05f016079d",
     "fields": null,
     "restrictions": null,
     "childrenIds": [
     ],
     "backgroundColor": "",
     "align": "AlignLeft",
     "verticalAlign": "VerticalAlignTop",
     "text": {
      "text": "Serverless computing has an even stronger focus on the on-demand provisioning and scaling of applications. Autoscaling is an important core concept of serverless.",
      "style": "Paragraph",
      "marks": {
       "marks": [
       ]
      },
      "checked": false,
      "color": "",
      "iconEmoji": "",
      "iconImage": ""
     }
    },
    {
     "id": "6665aa62a2d36e05f01607a4",
     "fields": null,
     "restrictions": null,
     "childrenIds": [
     ],
     "backgroundColor": "",
     "align": "AlignLeft",
     "verticalAlign": "VerticalAlignTop",
     "text": {
      "text": "Although there are many advantages to serverless technology, it initially struggled with standardization. To address these problems, the CloudEvents project was founded and provides a specification of how event data should be structured. Events are the basis for scaling serverless workloads or triggering corresponding functions.",
      "style": "Paragraph",
      "marks": {
       "marks": [
       ]
      },
      "checked": false,
      "color": "",
      "iconEmoji": "",
      "iconImage": ""
     }
    },
    {
     "id": "6665a1b9a2d36e05f01606b7",
     "fields": {
      },
     "restrictions": null,
     "childrenIds": [
     ],
     "backgroundColor": "",
     "align": "AlignLeft",
     "verticalAlign": "VerticalAlignTop",
     "text": {
      "text": "Open Standards",
      "style": "Header2",
      "marks": {
       "marks": [
        {
         "range": {
          "from": 0,
          "to": 14
         },
         "type": "Bold",
         "param": ""
        },
        {
         "range": {
          "from": 0,
          "to": 14
         },
         "type": "Underscored",
         "param": ""
        }
       ]
      },
      "checked": false,
      "color": "",
      "iconEmoji": "",
      "iconImage": ""
     }
    },
    {
     "id": "6665a1b9a2d36e05f01606b8",
     "fields": {
      },
     "restrictions": null,
     "childrenIds": [
     ],
     "backgroundColor": "",
     "align": "AlignLeft",
     "verticalAlign": "VerticalAlignTop",
     "text": {
      "text": "Many cloud native technologies rely heavily on open source software, a common problem is how to build and distribute software packages, containers evolved as a standardized way to package and ship modern software.",
      "style": "Paragraph",
      "marks": {
       "marks": [
        {
         "range": {
          "from": 136,
          "to": 146
         },
         "type": "Italic",
         "param": ""
        }
       ]
      },
      "checked": false,
      "color": "",
      "iconEmoji": "",
      "iconImage": ""
     }
    },
    {
     "id": "6665a1b9a2d36e05f01606b9",
     "fields": {
      },
     "restrictions": null,
     "childrenIds": [
     ],
     "backgroundColor": "",
     "align": "AlignLeft",
     "verticalAlign": "VerticalAlignTop",
     "text": {
      "text": "Open Container Initiative (OCI) provides three standards which define the way how to build and run containers:\n",
      "style": "Paragraph",
      "marks": {
       "marks": [
        {
         "range": {
          "from": 0,
          "to": 32
         },
         "type": "Bold",
         "param": ""
        }
       ]
      },
      "checked": false,
      "color": "",
      "iconEmoji": "",
      "iconImage": ""
     }
    },
    {
     "id": "6665a1b9a2d36e05f01606ba",
     "fields": {
      },
     "restrictions": null,
     "childrenIds": [
     ],
     "backgroundColor": "",
     "align": "AlignLeft",
     "verticalAlign": "VerticalAlignTop",
     "text": {
      "text": "image-spec defines how to build and package container images",
      "style": "Marked",
      "marks": {
       "marks": [
        {
         "range": {
          "from": 0,
          "to": 10
         },
         "type": "Bold",
         "param": ""
        },
        {
         "range": {
          "from": 0,
          "to": 10
         },
         "type": "Underscored",
         "param": ""
        }
       ]
      },
      "checked": false,
      "color": "",
      "iconEmoji": "",
      "iconImage": ""
     }
    },
    {
     "id": "6665a1b9a2d36e05f01606bb",
     "fields": {
      },
     "restrictions": null,
     "childrenIds": [
     ],
     "backgroundColor": "",
     "align": "AlignLeft",
     "verticalAlign": "VerticalAlignTop",
     "text": {
      "text": "runtime-spec specifies the configuration, execution environment and lifecycle of containers",
      "style": "Marked",
      "marks": {
       "marks": [
        {
         "range": {
          "from": 0,
          "to": 12
         },
         "type": "Bold",
         "param": ""
        },
        {
         "range": {
          "from": 0,
          "to": 12
         },
         "type": "Underscored",
         "param": ""
        }
       ]
      },
      "checked": false,
      "color": "",
      "iconEmoji": "",
      "iconImage": ""
     }
    },
    {
     "id": "6665a1b9a2d36e05f01606bc",
     "fields": {
      },
     "restrictions": null,
     "childrenIds": [
     ],
     "backgroundColor": "",
     "align": "AlignLeft",
     "verticalAlign": "VerticalAlignTop",
     "text": {
      "text": "distribution-spec (more recent addition) provides a standard for the distribution of content in general and container images in particular",
      "style": "Marked",
      "marks": {
       "marks": [
        {
         "range": {
          "from": 0,
          "to": 17
         },
         "type": "Bold",
         "param": ""
        },
        {
         "range": {
          "from": 0,
          "to": 17
         },
         "type": "Underscored",
         "param": ""
        }
       ]
      },
      "checked": false,
      "color": "",
      "iconEmoji": "",
      "iconImage": ""
     }
    },
    {
     "id": "6665a1b9a2d36e05f01606bd",
     "fields": {
      },
     "restrictions": null,
     "childrenIds": [
     ],
     "backgroundColor": "",
     "align": "AlignLeft",
     "verticalAlign": "VerticalAlignTop",
     "text": {
      "text": "Other important standards are:",
      "style": "Paragraph",
      "marks": {
       "marks": [
       ]
      },
      "checked": false,
      "color": "",
      "iconEmoji": "",
      "iconImage": ""
     }
    },
    {
     "id": "6665a1b9a2d36e05f01606be",
     "fields": {
      },
     "restrictions": null,
     "childrenIds": [
     ],
     "backgroundColor": "",
     "align": "AlignLeft",
     "verticalAlign": "VerticalAlignTop",
     "text": {
      "text": "Container Network Interface (CNI) a specification on how to implement networking for containers",
      "style": "Marked",
      "marks": {
       "marks": [
        {
         "range": {
          "from": 0,
          "to": 33
         },
         "type": "Bold",
         "param": ""
        },
        {
         "range": {
          "from": 0,
          "to": 33
         },
         "type": "Underscored",
         "param": ""
        }
       ]
      },
      "checked": false,
      "color": "",
      "iconEmoji": "",
      "iconImage": ""
     }
    },
    {
     "id": "6665a1b9a2d36e05f01606bf",
     "fields": {
      },
     "restrictions": null,
     "childrenIds": [
     ],
     "backgroundColor": "",
     "align": "AlignLeft",
     "verticalAlign": "VerticalAlignTop",
     "text": {
      "text": "Container Runtime Interface (CRI) a specification on how to implement container runtimes in container orchestration systems",
      "style": "Marked",
      "marks": {
       "marks": [
        {
         "range": {
          "from": 0,
          "to": 33
         },
         "type": "Bold",
         "param": ""
        },
        {
         "range": {
          "from": 0,
          "to": 33
         },
         "type": "Underscored",
         "param": ""
        }
       ]
      },
      "checked": false,
      "color": "",
      "iconEmoji": "",
      "iconImage": ""
     }
    },
    {
     "id": "6665a1b9a2d36e05f01606c0",
     "fields": {
      },
     "restrictions": null,
     "childrenIds": [
     ],
     "backgroundColor": "",
     "align": "AlignLeft",
     "verticalAlign": "VerticalAlignTop",
     "text": {
      "text": "Container Storage Interface (CSI) a specification on how to implement storage in container orchestration system",
      "style": "Marked",
      "marks": {
       "marks": [
        {
         "range": {
          "from": 0,
          "to": 33
         },
         "type": "Bold",
         "param": ""
        },
        {
         "range": {
          "from": 0,
          "to": 33
         },
         "type": "Underscored",
         "param": ""
        }
       ]
      },
      "checked": false,
      "color": "",
      "iconEmoji": "",
      "iconImage": ""
     }
    },
    {
     "id": "6665a1b9a2d36e05f01606c1",
     "fields": {
      },
     "restrictions": null,
     "childrenIds": [
     ],
     "backgroundColor": "",
     "align": "AlignLeft",
     "verticalAlign": "VerticalAlignTop",
     "text": {
      "text": "Service Mesh Interface (SMI) a specification on how to implement Service Meshes in container orchestration systems with a focus on Kubernetes",
      "style": "Marked",
      "marks": {
       "marks": [
        {
         "range": {
          "from": 0,
          "to": 28
         },
         "type": "Bold",
         "param": ""
        },
        {
         "range": {
          "from": 0,
          "to": 28
         },
         "type": "Underscored",
         "param": ""
        }
       ]
      },
      "checked": false,
      "color": "",
      "iconEmoji": "",
      "iconImage": ""
     }
    },
    {
     "id": "6665a1b9a2d36e05f01606c2",
     "fields": {
      },
     "restrictions": null,
     "childrenIds": [
     ],
     "backgroundColor": "",
     "align": "AlignLeft",
     "verticalAlign": "VerticalAlignTop",
     "text": {
      "text": "",
      "style": "Paragraph",
      "marks": {
       "marks": [
       ]
      },
      "checked": false,
      "color": "",
      "iconEmoji": "",
      "iconImage": ""
     }
    },
    {
     "id": "6665a1b9a2d36e05f01606c3",
     "fields": {
      },
     "restrictions": null,
     "childrenIds": [
     ],
     "backgroundColor": "",
     "align": "AlignLeft",
     "verticalAlign": "VerticalAlignTop",
     "text": {
      "text": "Cloud Native Roles \u0026 Site Reliability Engineering",
      "style": "Header2",
      "marks": {
       "marks": [
        {
         "range": {
          "from": 0,
          "to": 49
         },
         "type": "Underscored",
         "param": ""
        }
       ]
      },
      "checked": false,
      "color": "",
      "iconEmoji": "",
      "iconImage": ""
     }
    },
    {
     "id": "6665a1b9a2d36e05f01606c4",
     "fields": {
      },
     "restrictions": null,
     "childrenIds": [
     ],
     "backgroundColor": "",
     "align": "AlignLeft",
     "verticalAlign": "VerticalAlignTop",
     "text": {
      "text": "Jobs in cloud computing are more difficult to describe and the transitions are smoother, since the responsibilities are often shared between multiple people coming from different areas and with different skills",
      "style": "Paragraph",
      "marks": {
       "marks": [
       ]
      },
      "checked": false,
      "color": "",
      "iconEmoji": "",
      "iconImage": ""
     }
    },
    {
     "id": "6665a1b9a2d36e05f01606c5",
     "fields": {
      },
     "restrictions": null,
     "childrenIds": [
     ],
     "backgroundColor": "",
     "align": "AlignLeft",
     "verticalAlign": "VerticalAlignTop",
     "text": {
      "text": "Cloud Native Roles:",
      "style": "Paragraph",
      "marks": {
       "marks": [
       ]
      },
      "checked": false,
      "color": "",
      "iconEmoji": "",
      "iconImage": ""
     }
    },
    {
     "id": "6665a1b9a2d36e05f01606c6",
     "fields": {
      },
     "restrictions": null,
     "childrenIds": [
     ],
     "backgroundColor": "",
     "align": "AlignLeft",
     "verticalAlign": "VerticalAlignTop",
     "text": {
      "text": "Cloud Architect responsible for adoption of cloud technologies, designing application landscape and infrastructure, with a focus on security, scalability and deployment mechanisms",
      "style": "Marked",
      "marks": {
       "marks": [
        {
         "range": {
          "from": 0,
          "to": 15
         },
         "type": "Bold",
         "param": ""
        },
        {
         "range": {
          "from": 0,
          "to": 15
         },
         "type": "Underscored",
         "param": ""
        }
       ]
      },
      "checked": false,
      "color": "",
      "iconEmoji": "",
      "iconImage": ""
     }
    },
    {
     "id": "6665a1b9a2d36e05f01606c7",
     "fields": {
      },
     "restrictions": null,
     "childrenIds": [
     ],
     "backgroundColor": "",
     "align": "AlignLeft",
     "verticalAlign": "VerticalAlignTop",
     "text": {
      "text": "DevOps Engineer use tools and processes that balance out software development and operations",
      "style": "Marked",
      "marks": {
       "marks": [
        {
         "range": {
          "from": 0,
          "to": 15
         },
         "type": "Bold",
         "param": ""
        },
        {
         "range": {
          "from": 0,
          "to": 15
         },
         "type": "Underscored",
         "param": ""
        }
       ]
      },
      "checked": false,
      "color": "",
      "iconEmoji": "",
      "iconImage": ""
     }
    },
    {
     "id": "6665a1b9a2d36e05f01606c8",
     "fields": {
      },
     "restrictions": null,
     "childrenIds": [
     ],
     "backgroundColor": "",
     "align": "AlignLeft",
     "verticalAlign": "VerticalAlignTop",
     "text": {
      "text": "Security Engineer",
      "style": "Marked",
      "marks": {
       "marks": [
        {
         "range": {
          "from": 0,
          "to": 17
         },
         "type": "Bold",
         "param": ""
        },
        {
         "range": {
          "from": 0,
          "to": 17
         },
         "type": "Underscored",
         "param": ""
        }
       ]
      },
      "checked": false,
      "color": "",
      "iconEmoji": "",
      "iconImage": ""
     }
    },
    {
     "id": "6665a1b9a2d36e05f01606c9",
     "fields": {
      },
     "restrictions": null,
     "childrenIds": [
     ],
     "backgroundColor": "",
     "align": "AlignLeft",
     "verticalAlign": "VerticalAlignTop",
     "text": {
      "text": "DevSecOps Engineer combines the previous two roles, often used to build bridges between more traditional development and security teams",
      "style": "Marked",
      "marks": {
       "marks": [
        {
         "range": {
          "from": 0,
          "to": 18
         },
         "type": "Bold",
         "param": ""
        },
        {
         "range": {
          "from": 0,
          "to": 18
         },
         "type": "Underscored",
         "param": ""
        }
       ]
      },
      "checked": false,
      "color": "",
      "iconEmoji": "",
      "iconImage": ""
     }
    },
    {
     "id": "6665a1b9a2d36e05f01606ca",
     "fields": {
      },
     "restrictions": null,
     "childrenIds": [
     ],
     "backgroundColor": "",
     "align": "AlignLeft",
     "verticalAlign": "VerticalAlignTop",
     "text": {
      "text": "Data Engineer collects, stores and analyzes the vast amounts of data that are being or can be collected in large systems",
      "style": "Marked",
      "marks": {
       "marks": [
        {
         "range": {
          "from": 0,
          "to": 13
         },
         "type": "Bold",
         "param": ""
        },
        {
         "range": {
          "from": 0,
          "to": 13
         },
         "type": "Underscored",
         "param": ""
        }
       ]
      },
      "checked": false,
      "color": "",
      "iconEmoji": "",
      "iconImage": ""
     }
    },
    {
     "id": "6665a1b9a2d36e05f01606cb",
     "fields": {
      },
     "restrictions": null,
     "childrenIds": [
     ],
     "backgroundColor": "",
     "align": "AlignLeft",
     "verticalAlign": "VerticalAlignTop",
     "text": {
      "text": "Full-Stack Developer all-rounder who is at home in frontend and backend development, as well as infrastructure details",
      "style": "Marked",
      "marks": {
       "marks": [
        {
         "range": {
          "from": 0,
          "to": 20
         },
         "type": "Bold",
         "param": ""
        },
        {
         "range": {
          "from": 0,
          "to": 20
         },
         "type": "Underscored",
         "param": ""
        }
       ]
      },
      "checked": false,
      "color": "",
      "iconEmoji": "",
      "iconImage": ""
     }
    },
    {
     "id": "6665a1b9a2d36e05f01606cc",
     "fields": {
      },
     "restrictions": null,
     "childrenIds": [
      "6665a1b9a2d36e05f01606e0",
      "6665a1b9a2d36e05f01606e1",
      "6665a1b9a2d36e05f01606e2"
     ],
     "backgroundColor": "",
     "align": "AlignLeft",
     "verticalAlign": "VerticalAlignTop",
     "text": {
      "text": "Site Reliability Engineer (SRE) creates and maintains software that is reliable and scalable; to measure performance and reliability, SREs use three main metrics:",
      "style": "Marked",
      "marks": {
       "marks": [
        {
         "range": {
          "from": 0,
          "to": 25
         },
         "type": "Bold",
         "param": ""
        },
        {
         "range": {
          "from": 0,
          "to": 25
         },
         "type": "Underscored",
         "param": ""
        }
       ]
      },
      "checked": false,
      "color": "",
      "iconEmoji": "",
      "iconImage": ""
     }
    },
    {
     "id": "6665a1b9a2d36e05f01606cd",
     "fields": {
      },
     "restrictions": null,
     "childrenIds": [
     ],
     "backgroundColor": "",
     "align": "AlignLeft",
     "verticalAlign": "VerticalAlignTop",
     "text": {
      "text": "",
      "style": "Paragraph",
      "marks": {
       "marks": [
       ]
      },
      "checked": false,
      "color": "",
      "iconEmoji": "",
      "iconImage": ""
     }
    },
    {
     "id": "6665a1b9a2d36e05f01606ce",
     "fields": {
      },
     "restrictions": null,
     "childrenIds": [
     ],
     "backgroundColor": "",
     "align": "AlignLeft",
     "verticalAlign": "VerticalAlignTop",
     "text": {
      "text": "Community and Governance",
      "style": "Header2",
      "marks": {
       "marks": [
        {
         "range": {
          "from": 0,
          "to": 24
         },
         "type": "Underscored",
         "param": ""
        }
       ]
      },
      "checked": false,
      "color": "",
      "iconEmoji": "",
      "iconImage": ""
     }
    },
    {
     "id": "6665a1b9a2d36e05f01606cf",
     "fields": {
      },
     "restrictions": null,
     "childrenIds": [
     ],
     "backgroundColor": "",
     "align": "AlignLeft",
     "verticalAlign": "VerticalAlignTop",
     "text": {
      "text": "The CNCF has a Technical Oversight Committee (TOC) that is responsible for defining and maintaining the technical vision, approving new projects, accepting feedback from the end-user committee, and defining common practices that should be implemented in CNCF projects.",
      "style": "Paragraph",
      "marks": {
       "marks": [
       ]
      },
      "checked": false,
      "color": "",
      "iconEmoji": "",
      "iconImage": ""
     }
    },
    {
     "id": "6665a1b9a2d36e05f01606d0",
     "fields": {
      },
     "restrictions": null,
     "childrenIds": [
     ],
     "backgroundColor": "",
     "align": "AlignLeft",
     "verticalAlign": "VerticalAlignTop",
     "text": {
      "text": "At the same time, the TOC does not control the projects, but encourages them to be self-governing and community owned and practices the principle of “minimal viable governance”.",
      "style": "Paragraph",
      "marks": {
       "marks": [
       ]
      },
      "checked": false,
      "color": "",
      "iconEmoji": "",
      "iconImage": ""
     }
    },
    {
     "id": "6665a1b9a2d36e05f01606d1",
     "fields": {
      },
     "restrictions": null,
     "childrenIds": [
     ],
     "backgroundColor": "",
     "align": "AlignLeft",
     "verticalAlign": "VerticalAlignTop",
     "text": {
      "text": "Since open source projects are dependent on their respective communities, governance is much different from traditional approaches. The great freedom of cloud native technologies forces people to impose rules on themselves and to enforce them.",
      "style": "Paragraph",
      "marks": {
       "marks": [
       ]
      },
      "checked": false,
      "color": "",
      "iconEmoji": "",
      "iconImage": ""
     }
    },
    {
     "id": "6665a1b9a2d36e05f01606d2",
     "fields": {
      },
     "restrictions": null,
     "childrenIds": [
     ],
     "backgroundColor": "",
     "align": "AlignLeft",
     "verticalAlign": "VerticalAlignTop",
     "text": {
      "text": "",
      "style": "Paragraph",
      "marks": {
       "marks": [
       ]
      },
      "checked": false,
      "color": "",
      "iconEmoji": "",
      "iconImage": ""
     }
    },
    {
     "id": "6665a1b9a2d36e05f01606d3",
     "fields": {
      },
     "restrictions": null,
     "childrenIds": [
     ],
     "backgroundColor": "",
     "align": "AlignLeft",
     "verticalAlign": "VerticalAlignTop",
     "text": {
      "text": "CNCF Graduation Criteria v1.3",
      "style": "Header2",
      "marks": {
       "marks": [
        {
         "range": {
          "from": 0,
          "to": 29
         },
         "type": "Underscored",
         "param": ""
        }
       ]
      },
      "checked": false,
      "color": "",
      "iconEmoji": "",
      "iconImage": ""
     }
    },
    {
     "id": "6665a1b9a2d36e05f01606d4",
     "fields": {
      },
     "restrictions": null,
     "childrenIds": [
     ],
     "backgroundColor": "",
     "align": "AlignLeft",
     "verticalAlign": "VerticalAlignTop",
     "text": {
      "text": "There is a maturity level assigned to each CNCF initiative. Projects proposed to the CNCF should specify their preferred degree of maturity.",
      "style": "Paragraph",
      "marks": {
       "marks": [
       ]
      },
      "checked": false,
      "color": "",
      "iconEmoji": "",
      "iconImage": ""
     }
    },
    {
     "id": "6665a1b9a2d36e05f01606d5",
     "fields": {
      },
     "restrictions": null,
     "childrenIds": [
     ],
     "backgroundColor": "",
     "align": "AlignLeft",
     "verticalAlign": "VerticalAlignTop",
     "text": {
      "text": "A project must receive a two-thirds supermajority in order to be approved as incubating or graduated.",
      "style": "Paragraph",
      "marks": {
       "marks": [
       ]
      },
      "checked": false,
      "color": "",
      "iconEmoji": "",
      "iconImage": ""
     }
    },
    {
     "id": "6665a1b9a2d36e05f01606d6",
     "fields": {
      },
     "restrictions": null,
     "childrenIds": [
     ],
     "backgroundColor": "",
     "align": "AlignLeft",
     "verticalAlign": "VerticalAlignTop",
     "text": {
      "text": "Any graduated votes are considered as votes to join as an incubating project if there is not a supermajority of votes to do so.",
      "style": "Paragraph",
      "marks": {
       "marks": [
       ]
      },
      "checked": false,
      "color": "",
      "iconEmoji": "",
      "iconImage": ""
     }
    },
    {
     "id": "6665a1b9a2d36e05f01606d7",
     "fields": {
      },
     "restrictions": null,
     "childrenIds": [
     ],
     "backgroundColor": "",
     "align": "AlignLeft",
     "verticalAlign": "VerticalAlignTop",
     "text": {
      "text": "Any graduated or incubating votes are considered as sponsorship to enter as a sandbox project if there is not a supermajority of votes to enter as an incubating project.",
      "style": "Paragraph",
      "marks": {
       "marks": [
       ]
      },
      "checked": false,
      "color": "",
      "iconEmoji": "",
      "iconImage": ""
     }
    },
    {
     "id": "6665a1b9a2d36e05f01606d8",
     "fields": {
      },
     "restrictions": null,
     "childrenIds": [
     ],
     "backgroundColor": "",
     "align": "AlignLeft",
     "verticalAlign": "VerticalAlignTop",
     "text": {
      "text": "The project is turned down if there is not enough funding to qualify it for the sandbox stage.",
      "style": "Paragraph",
      "marks": {
       "marks": [
       ]
      },
      "checked": false,
      "color": "",
      "iconEmoji": "",
      "iconImage": ""
     }
    },
    {
     "id": "6665a1b9a2d36e05f01606d9",
     "fields": {
      },
     "restrictions": null,
     "childrenIds": [
     ],
     "backgroundColor": "",
     "align": "AlignLeft",
     "verticalAlign": "VerticalAlignTop",
     "text": {
      "text": "Fallback voting is the term for this method of choosing.",
      "style": "Paragraph",
      "marks": {
       "marks": [
        {
         "range": {
          "from": 0,
          "to": 15
         },
         "type": "Italic",
         "param": ""
        },
        {
         "range": {
          "from": 0,
          "to": 15
         },
         "type": "Bold",
         "param": ""
        },
        {
         "range": {
          "from": 0,
          "to": 15
         },
         "type": "Underscored",
         "param": ""
        }
       ]
      },
      "checked": false,
      "color": "",
      "iconEmoji": "",
      "iconImage": ""
     }
    },
    {
     "id": "6665a1b9a2d36e05f01606da",
     "fields": {
      },
     "restrictions": null,
     "childrenIds": [
     ],
     "backgroundColor": "",
     "align": "AlignLeft",
     "verticalAlign": "VerticalAlignTop",
     "text": {
      "text": "Project Maturity Levels:",
      "style": "Paragraph",
      "marks": {
       "marks": [
       ]
      },
      "checked": false,
      "color": "",
      "iconEmoji": "",
      "iconImage": ""
     }
    },
    {
     "id": "6665a1b9a2d36e05f01606db",
     "fields": {
      },
     "restrictions": null,
     "childrenIds": [
     ],
     "backgroundColor": "",
     "align": "AlignLeft",
     "verticalAlign": "VerticalAlignTop",
     "text": {
      "text": "Sandbox Stage this stage is the entry point for early stage projects",
      "style": "Marked",
      "marks": {
       "marks": [
        {
         "range": {
          "from": 0,
          "to": 13
         },
         "type": "Bold",
         "param": ""
        },
        {
         "range": {
          "from": 0,
          "to": 13
         },
         "type": "Underscored",
         "param": ""
        }
       ]
      },
      "checked": false,
      "color": "",
      "iconEmoji": "",
      "iconImage": ""
     }
    },
    {
     "id": "6665a1b9a2d36e05f01606dc",
     "fields": {
      },
     "restrictions": null,
     "childrenIds": [
     ],
     "backgroundColor": "",
     "align": "AlignLeft",
     "verticalAlign": "VerticalAlignTop",
     "text": {
      "text": "Incubating Stage the project to be accepted to the incubation stage must have met the sandbox stage requirements plus other technical due diligence has been performed such as: healthy number of committers, used in production by at least 3 adopters, clear versioning scheme, documented security processes, etc.",
      "style": "Marked",
      "marks": {
       "marks": [
        {
         "range": {
          "from": 0,
          "to": 16
         },
         "type": "Bold",
         "param": ""
        },
        {
         "range": {
          "from": 0,
          "to": 16
         },
         "type": "Underscored",
         "param": ""
        }
       ]
      },
      "checked": false,
      "color": "",
      "iconEmoji": "",
      "iconImage": ""
     }
    },
    {
     "id": "6665a1b9a2d36e05f01606dd",
     "fields": {
      },
     "restrictions": null,
     "childrenIds": [
     ],
     "backgroundColor": "",
     "align": "AlignLeft",
     "verticalAlign": "VerticalAlignTop",
     "text": {
      "text": "Graduation Stage to graduate a project must meet the incubation stage criteria plus other requirements such as: committers from at least 2 organizations, have completed an independent and third party security audit, have a public list of project adopters, receive supermajority vote from the TOC to move to graduation stage, etc.",
      "style": "Marked",
      "marks": {
       "marks": [
        {
         "range": {
          "from": 0,
          "to": 16
         },
         "type": "Bold",
         "param": ""
        },
        {
         "range": {
          "from": 0,
          "to": 16
         },
         "type": "Underscored",
         "param": ""
        }
       ]
      },
      "checked": false,
      "color": "",
      "iconEmoji": "",
      "iconImage": ""
     }
    },
    {
     "id": "6665a1b9a2d36e05f01606e0",
     "fields": {
      },
     "restrictions": null,
     "childrenIds": [
     ],
     "backgroundColor": "",
     "align": "AlignLeft",
     "verticalAlign": "VerticalAlignTop",
     "text": {
      "text": "Service Level Objectives (SLO) \"Specify a target level for the reliability of your service\" - e.g. Reaching a latency of less than 100ms",
      "style": "Numbered",
      "marks": {
       "marks": [
        {
         "range": {
          "from": 0,
          "to": 30
         },
         "type": "Italic",
         "param": ""
        },
        {
         "range": {
          "from": 32,
          "to": 90
         },
         "type": "Italic",
         "param": ""
        },
        {
         "range": {
          "from": 0,
          "to": 30
         },
         "type": "Bold",
         "param": ""
        }
       ]
      },
      "checked": false,
      "color": "",
      "iconEmoji": "",
      "iconImage": ""
     }
    },
    {
     "id": "6665a1b9a2d36e05f01606e1",
     "fields": {
      },
     "restrictions": null,
     "childrenIds": [
     ],
     "backgroundColor": "",
     "align": "AlignLeft",
     "verticalAlign": "VerticalAlignTop",
     "text": {
      "text": "Service Level Indicators (SLI) \"A carefully defined quantitative measure of some aspect of the level of service that is provided\" - e.g. How long a request actually needs to be answered",
      "style": "Numbered",
      "marks": {
       "marks": [
        {
         "range": {
          "from": 0,
          "to": 30
         },
         "type": "Italic",
         "param": ""
        },
        {
         "range": {
          "from": 32,
          "to": 132
         },
         "type": "Italic",
         "param": ""
        },
        {
         "range": {
          "from": 0,
          "to": 30
         },
         "type": "Bold",
         "param": ""
        }
       ]
      },
      "checked": false,
      "color": "",
      "iconEmoji": "",
      "iconImage": ""
     }
    },
    {
     "id": "6665a1b9a2d36e05f01606e2",
     "fields": {
      },
     "restrictions": null,
     "childrenIds": [
     ],
     "backgroundColor": "",
     "align": "AlignLeft",
     "verticalAlign": "VerticalAlignTop",
     "text": {
      "text": "Service Level Agreements (SLA) \"An explicit or implicit contract with your users that includes consequences of meeting (or missing) the SLOs they contain. The consequences are most easily recognized when they are financial – a rebate or a penalty – but they can take other forms\"",
      "style": "Numbered",
      "marks": {
       "marks": [
        {
         "range": {
          "from": 0,
          "to": 30
         },
         "type": "Italic",
         "param": ""
        },
        {
         "range": {
          "from": 32,
          "to": 278
         },
         "type": "Italic",
         "param": ""
        },
        {
         "range": {
          "from": 0,
          "to": 30
         },
         "type": "Bold",
         "param": ""
        }
       ]
      },
      "checked": false,
      "color": "",
      "iconEmoji": "",
      "iconImage": ""
     }
    }
   ],
   "details": {
     "backlinks": [
        "bafyreibmnn622g6th3ihh5q5lnkxsefw7y47t5whhean57mvjk3ux7la5e"
       ],
     "coverId": "sky",
     "coverScale": 0,
     "coverType": 3,
     "coverX": 0,
     "coverY": 0,
     "createdDate": 1717936568,
     "creator": "_participant_bafyreib5epdcggbj3lypetjrry4fhk5hucwpol4q3zhyhsnu6zliih2pha_ofy6cn5utfaz_A5ryJu1aBASRCoTHxHpucFGZCvDJuMYqBvneEWsrVC54cDEB",
     "featuredRelations": [
        "type",
        "backlinks"
       ],
     "iconEmoji": "",
     "iconImage": "bafyreie7wgyrz3ysfsphfj7ohdddddwq2w3dgzfozfzll53kz5mm4syauy",
     "id": "bafyreia4r3cutd2pq4c23c7z4okskbejv2vomvdee3cogsm4jzj7bvg3qa",
     "lastModifiedBy": "_participant_bafyreib5epdcggbj3lypetjrry4fhk5hucwpol4q3zhyhsnu6zliih2pha_ofy6cn5utfaz_A5ryJu1aBASRCoTHxHpucFGZCvDJuMYqBvneEWsrVC54cDEB",
     "lastModifiedDate": 1717940107,
     "lastOpenedDate": 1732265080,
     "layout": 0,
     "links": [
       ],
     "mentions": [
       ],
     "name": "02. Cloud Native Architecture",
     "restrictions": [
       ],
     "snippet": "Cloud Native Architecture Fundamentals\nThe CNCF defines the term cloud native as the following:\n\"Cloud native technologies empower organizations to build and run scalable applications in modern, dynamic environments such as public, private, and hybrid clouds. Containers, service meshes, …",
     "spaceId": "bafyreib5epdcggbj3lypetjrry4fhk5hucwpol4q3zhyhsnu6zliih2pha.ofy6cn5utfaz",
     "syncDate": 1733329570,
     "syncError": 0,
     "syncStatus": 0,
     "type": "bafyreicnmrx53lp6kfrcb6df2aay3gkk7zseoz6xa6fixdzu2ra466jage"
    },
   "fileKeys": null,
   "extraRelations": [
   ],
   "objectTypes": [
    "ot-page"
   ],
   "collections": null,
   "removedCollectionKeys": [
   ],
   "relationLinks": [
    {
     "key": "id",
     "format": "object"
    },
    {
     "key": "name",
     "format": "shorttext"
    },
    {
     "key": "description",
     "format": "longtext"
    },
    {
     "key": "snippet",
     "format": "longtext"
    },
    {
     "key": "iconEmoji",
     "format": "emoji"
    },
    {
     "key": "iconImage",
     "format": "file"
    },
    {
     "key": "type",
     "format": "object"
    },
    {
     "key": "layout",
     "format": "number"
    },
    {
     "key": "layoutAlign",
     "format": "number"
    },
    {
     "key": "coverId",
     "format": "longtext"
    },
    {
     "key": "coverScale",
     "format": "number"
    },
    {
     "key": "coverType",
     "format": "number"
    },
    {
     "key": "coverX",
     "format": "number"
    },
    {
     "key": "coverY",
     "format": "number"
    },
    {
     "key": "createdDate",
     "format": "date"
    },
    {
     "key": "creator",
     "format": "object"
    },
    {
     "key": "lastModifiedDate",
     "format": "date"
    },
    {
     "key": "lastModifiedBy",
     "format": "object"
    },
    {
     "key": "lastOpenedDate",
     "format": "date"
    },
    {
     "key": "featuredRelations",
     "format": "object"
    },
    {
     "key": "isFavorite",
     "format": "checkbox"
    },
    {
     "key": "workspaceId",
     "format": "object"
    },
    {
     "key": "spaceId",
     "format": "object"
    },
    {
     "key": "links",
     "format": "object"
    },
    {
     "key": "internalFlags",
     "format": "number"
    },
    {
     "key": "restrictions",
     "format": "number"
    },
    {
     "key": "backlinks",
     "format": "object"
    },
    {
     "key": "isArchived",
     "format": "checkbox"
    },
    {
     "key": "syncDate",
     "format": "date"
    },
    {
     "key": "syncStatus",
     "format": "number"
    },
    {
     "key": "syncError",
     "format": "number"
    },
    {
     "key": "mentions",
     "format": "object"
    }
   ],
   "key": "",
   "originalCreatedTimestamp": "0",
   "fileInfo": null
  },
  "fileKeys": [
  ]
 }
}