{
 "sbType": "Page",
 "snapshot": {
  "logHeads": {
  },
  "data": {
   "blocks": [
    {
     "id": "bafyreicaw7lbqucgiuclrh5qeexnkk5bxoqn2yboa4am2djfulkbys2raq",
     "fields": {
       "width": 0.5
      },
     "restrictions": {
      "read": false,
      "edit": false,
      "remove": false,
      "drag": false,
      "dropOn": false
     },
     "childrenIds": [
      "header",
      "div-666761f1a2d36e0c8087f0bc",
      "div-666761f1a2d36e0c8087f0bd",
      "div-666764b8a2d36e0c8087f11e",
      "666766e6a2d36e0c8087f16e",
      "666766f8a2d36e0c8087f175",
      "66676712a2d36e0c8087f17c"
     ],
     "backgroundColor": "",
     "align": "AlignLeft",
     "verticalAlign": "VerticalAlignTop",
     "smartblock": {

     }
    },
    {
     "id": "header",
     "fields": null,
     "restrictions": {
      "read": false,
      "edit": true,
      "remove": true,
      "drag": true,
      "dropOn": true
     },
     "childrenIds": [
      "title",
      "featuredRelations"
     ],
     "backgroundColor": "",
     "align": "AlignLeft",
     "verticalAlign": "VerticalAlignTop",
     "layout": {
      "style": "Header"
     }
    },
    {
     "id": "div-666761f1a2d36e0c8087f0bc",
     "fields": null,
     "restrictions": null,
     "childrenIds": [
      "div-6665a1b9a2d36e05f01606e4",
      "6665a380a2d36e05f01606f8",
      "66675e67a2d36e0c8087f036",
      "66675e6da2d36e0c8087f042",
      "66675e6da2d36e0c8087f043",
      "66675f2ca2d36e0c8087f045",
      "66675f3ea2d36e0c8087f046",
      "66675f72a2d36e0c8087f047",
      "66675f91a2d36e0c8087f048",
      "66675fcea2d36e0c8087f053",
      "66675fe2a2d36e0c8087f055",
      "66676004a2d36e0c8087f05b",
      "6667600da2d36e0c8087f05c",
      "66676035a2d36e0c8087f05d",
      "66676075a2d36e0c8087f05e",
      "66676105a2d36e0c8087f076",
      "666760e1a2d36e0c8087f06e",
      "66676115a2d36e0c8087f07a",
      "66676110a2d36e0c8087f078"
     ],
     "backgroundColor": "",
     "align": "AlignLeft",
     "verticalAlign": "VerticalAlignTop",
     "layout": {
      "style": "Div"
     }
    },
    {
     "id": "div-666761f1a2d36e0c8087f0bd",
     "fields": null,
     "restrictions": null,
     "childrenIds": [
      "6665a3bea2d36e05f01606f9",
      "66676181a2d36e0c8087f081",
      "66676187a2d36e0c8087f08c",
      "66676187a2d36e0c8087f08d",
      "66676187a2d36e0c8087f08e",
      "66676195a2d36e0c8087f095",
      "6667619ba2d36e0c8087f09f",
      "6667619ba2d36e0c8087f0a0",
      "6667619ba2d36e0c8087f0a1",
      "666761a9a2d36e0c8087f0a8",
      "666761b6a2d36e0c8087f0b5",
      "666761b6a2d36e0c8087f0b6",
      "666761b6a2d36e0c8087f0b7",
      "666761b6a2d36e0c8087f0b8",
      "666761eba2d36e0c8087f0ba",
      "666761f1a2d36e0c8087f0c8",
      "666761f1a2d36e0c8087f0c9",
      "666761f1a2d36e0c8087f0ca",
      "666761f1a2d36e0c8087f0cb",
      "666761f2a2d36e0c8087f0cd"
     ],
     "backgroundColor": "",
     "align": "AlignLeft",
     "verticalAlign": "VerticalAlignTop",
     "layout": {
      "style": "Div"
     }
    },
    {
     "id": "div-666764b8a2d36e0c8087f11e",
     "fields": null,
     "restrictions": null,
     "childrenIds": [
      "6665a3d1a2d36e05f01606fe",
      "6667633ea2d36e0c8087f0d4",
      "666763b9a2d36e0c8087f0f9",
      "66676352a2d36e0c8087f0e0",
      "6667635da2d36e0c8087f0eb",
      "6667635da2d36e0c8087f0ec",
      "6667635da2d36e0c8087f0ed",
      "66676393a2d36e0c8087f0f0",
      "6667639da2d36e0c8087f0f1",
      "6665aaf9a2d36e05f01607ab",
      "666763eba2d36e0c8087f0ff",
      "66676423a2d36e0c8087f102",
      "66676428a2d36e0c8087f103",
      "66676432a2d36e0c8087f104",
      "6667644ba2d36e0c8087f10b",
      "66676462a2d36e0c8087f111",
      "66676489a2d36e0c8087f117",
      "666764cba2d36e0c8087f125",
      "666764cba2d36e0c8087f126",
      "666764cea2d36e0c8087f128",
      "6665ab13a2d36e05f01607ac",
      "666764f8a2d36e0c8087f138",
      "666764f8a2d36e0c8087f139",
      "666764f8a2d36e0c8087f13a",
      "666764f8a2d36e0c8087f13b",
      "666764f8a2d36e0c8087f13c",
      "6667652da2d36e0c8087f148",
      "6667652da2d36e0c8087f149",
      "6667652da2d36e0c8087f14a",
      "6667652da2d36e0c8087f14b",
      "6667654fa2d36e0c8087f152",
      "6667663aa2d36e0c8087f159",
      "66676640a2d36e0c8087f15b",
      "6665ab1aa2d36e05f01607ad",
      "66676656a2d36e0c8087f161",
      "66676674a2d36e0c8087f167"
     ],
     "backgroundColor": "",
     "align": "AlignLeft",
     "verticalAlign": "VerticalAlignTop",
     "layout": {
      "style": "Div"
     }
    },
    {
     "id": "666766e6a2d36e0c8087f16e",
     "fields": null,
     "restrictions": null,
     "childrenIds": [
     ],
     "backgroundColor": "",
     "align": "AlignLeft",
     "verticalAlign": "VerticalAlignTop",
     "text": {
      "text": "A user has to give information about the application requirements, including requests for CPU and memory and properties of a node.",
      "style": "Paragraph",
      "marks": {
       "marks": [
       ]
      },
      "checked": false,
      "color": "",
      "iconEmoji": "",
      "iconImage": ""
     }
    },
    {
     "id": "666766f8a2d36e0c8087f175",
     "fields": null,
     "restrictions": null,
     "childrenIds": [
     ],
     "backgroundColor": "",
     "align": "AlignLeft",
     "verticalAlign": "VerticalAlignTop",
     "text": {
      "text": "The scheduler will use that information to filter all nodes that fit these requirements. If multiple nodes fit the requirements equally, Kubernetes will schedule the Pod on the node with the least amount of Pods.",
      "style": "Paragraph",
      "marks": {
       "marks": [
       ]
      },
      "checked": false,
      "color": "",
      "iconEmoji": "",
      "iconImage": ""
     }
    },
    {
     "id": "66676712a2d36e0c8087f17c",
     "fields": null,
     "restrictions": null,
     "childrenIds": [
     ],
     "backgroundColor": "",
     "align": "AlignLeft",
     "verticalAlign": "VerticalAlignTop",
     "text": {
      "text": "If worker nodes do not have sufficient resources to run your application, the scheduler will retry to find an appropriate node until the state can be established.",
      "style": "Paragraph",
      "marks": {
       "marks": [
       ]
      },
      "checked": false,
      "color": "",
      "iconEmoji": "",
      "iconImage": ""
     }
    },
    {
     "id": "title",
     "fields": {
       "_detailsKey": [
          "name",
          "done"
         ]
      },
     "restrictions": {
      "read": false,
      "edit": false,
      "remove": true,
      "drag": true,
      "dropOn": true
     },
     "childrenIds": [
     ],
     "backgroundColor": "",
     "align": "AlignLeft",
     "verticalAlign": "VerticalAlignTop",
     "text": {
      "text": "",
      "style": "Title",
      "marks": {
       "marks": [
       ]
      },
      "checked": false,
      "color": "",
      "iconEmoji": "",
      "iconImage": ""
     }
    },
    {
     "id": "featuredRelations",
     "fields": null,
     "restrictions": {
      "read": false,
      "edit": false,
      "remove": true,
      "drag": true,
      "dropOn": true
     },
     "childrenIds": [
     ],
     "backgroundColor": "",
     "align": "AlignLeft",
     "verticalAlign": "VerticalAlignTop",
     "featuredRelations": {

     }
    },
    {
     "id": "div-6665a1b9a2d36e05f01606e4",
     "fields": null,
     "restrictions": null,
     "childrenIds": [
      "6665a1b9a2d36e05f01606b2"
     ],
     "backgroundColor": "",
     "align": "AlignLeft",
     "verticalAlign": "VerticalAlignTop",
     "layout": {
      "style": "Div"
     }
    },
    {
     "id": "6665a380a2d36e05f01606f8",
     "fields": null,
     "restrictions": null,
     "childrenIds": [
     ],
     "backgroundColor": "",
     "align": "AlignLeft",
     "verticalAlign": "VerticalAlignTop",
     "text": {
      "text": "Kubernetes Architecture",
      "style": "Header2",
      "marks": {
       "marks": [
        {
         "range": {
          "from": 0,
          "to": 23
         },
         "type": "Underscored",
         "param": ""
        }
       ]
      },
      "checked": false,
      "color": "",
      "iconEmoji": "",
      "iconImage": ""
     }
    },
    {
     "id": "66675e67a2d36e0c8087f036",
     "fields": null,
     "restrictions": null,
     "childrenIds": [
     ],
     "backgroundColor": "",
     "align": "AlignLeft",
     "verticalAlign": "VerticalAlignTop",
     "text": {
      "text": "Kubernetes clusters consist of two different server node types that make up a cluster:",
      "style": "Paragraph",
      "marks": {
       "marks": [
       ]
      },
      "checked": false,
      "color": "",
      "iconEmoji": "",
      "iconImage": ""
     }
    },
    {
     "id": "66675e6da2d36e0c8087f042",
     "fields": null,
     "restrictions": null,
     "childrenIds": [
     ],
     "backgroundColor": "",
     "align": "AlignLeft",
     "verticalAlign": "VerticalAlignTop",
     "text": {
      "text": "Control plane node(s)\nThese are the brains of the operation. Control plane nodes contain various components which manage the cluster and control various tasks like deployment, scheduling and self-healing of containerized workloads.",
      "style": "Marked",
      "marks": {
       "marks": [
        {
         "range": {
          "from": 0,
          "to": 21
         },
         "type": "Bold",
         "param": ""
        }
       ]
      },
      "checked": false,
      "color": "",
      "iconEmoji": "",
      "iconImage": ""
     }
    },
    {
     "id": "66675e6da2d36e0c8087f043",
     "fields": null,
     "restrictions": null,
     "childrenIds": [
     ],
     "backgroundColor": "",
     "align": "AlignLeft",
     "verticalAlign": "VerticalAlignTop",
     "text": {
      "text": "Worker nodes\nThe worker nodes are where applications run in your cluster. This is the only job of worker nodes and they don’t have any further logic implemented. Their behavior, like if they should start a container, is completely controlled by the control plane node.",
      "style": "Marked",
      "marks": {
       "marks": [
        {
         "range": {
          "from": 0,
          "to": 12
         },
         "type": "Bold",
         "param": ""
        }
       ]
      },
      "checked": false,
      "color": "",
      "iconEmoji": "",
      "iconImage": ""
     }
    },
    {
     "id": "66675f2ca2d36e0c8087f045",
     "fields": null,
     "restrictions": null,
     "childrenIds": [
     ],
     "backgroundColor": "",
     "align": "AlignLeft",
     "verticalAlign": "VerticalAlignTop",
     "text": {
      "text": "Control plane nodes typically host the following services:",
      "style": "Paragraph",
      "marks": {
       "marks": [
       ]
      },
      "checked": false,
      "color": "",
      "iconEmoji": "",
      "iconImage": ""
     }
    },
    {
     "id": "66675f3ea2d36e0c8087f046",
     "fields": null,
     "restrictions": null,
     "childrenIds": [
     ],
     "backgroundColor": "",
     "align": "AlignLeft",
     "verticalAlign": "VerticalAlignTop",
     "text": {
      "text": "kube-apiserver all other components interact with the api-server and this is where users access the cluster",
      "style": "Marked",
      "marks": {
       "marks": [
        {
         "range": {
          "from": 0,
          "to": 14
         },
         "type": "Bold",
         "param": ""
        },
        {
         "range": {
          "from": 0,
          "to": 14
         },
         "type": "Underscored",
         "param": ""
        }
       ]
      },
      "checked": false,
      "color": "",
      "iconEmoji": "",
      "iconImage": ""
     }
    },
    {
     "id": "66675f72a2d36e0c8087f047",
     "fields": null,
     "restrictions": null,
     "childrenIds": [
     ],
     "backgroundColor": "",
     "align": "AlignLeft",
     "verticalAlign": "VerticalAlignTop",
     "text": {
      "text": "etcd a database which holds the state of the cluster",
      "style": "Marked",
      "marks": {
       "marks": [
        {
         "range": {
          "from": 0,
          "to": 4
         },
         "type": "Bold",
         "param": ""
        },
        {
         "range": {
          "from": 0,
          "to": 4
         },
         "type": "Underscored",
         "param": ""
        }
       ]
      },
      "checked": false,
      "color": "",
      "iconEmoji": "",
      "iconImage": ""
     }
    },
    {
     "id": "66675f91a2d36e0c8087f048",
     "fields": null,
     "restrictions": null,
     "childrenIds": [
     ],
     "backgroundColor": "",
     "align": "AlignLeft",
     "verticalAlign": "VerticalAlignTop",
     "text": {
      "text": "kube-scheduler when a new workload should be scheduled, the kube-scheduler chooses a worker node that could fit, based on different properties like CPU and memory",
      "style": "Marked",
      "marks": {
       "marks": [
        {
         "range": {
          "from": 0,
          "to": 14
         },
         "type": "Bold",
         "param": ""
        },
        {
         "range": {
          "from": 0,
          "to": 14
         },
         "type": "Underscored",
         "param": ""
        }
       ]
      },
      "checked": false,
      "color": "",
      "iconEmoji": "",
      "iconImage": ""
     }
    },
    {
     "id": "66675fcea2d36e0c8087f053",
     "fields": null,
     "restrictions": null,
     "childrenIds": [
     ],
     "backgroundColor": "",
     "align": "AlignLeft",
     "verticalAlign": "VerticalAlignTop",
     "text": {
      "text": "kube-controller-manager contains different non-terminating control loops that manage the state of the cluster",
      "style": "Marked",
      "marks": {
       "marks": [
        {
         "range": {
          "from": 0,
          "to": 23
         },
         "type": "Bold",
         "param": ""
        },
        {
         "range": {
          "from": 0,
          "to": 23
         },
         "type": "Underscored",
         "param": ""
        }
       ]
      },
      "checked": false,
      "color": "",
      "iconEmoji": "",
      "iconImage": ""
     }
    },
    {
     "id": "66675fe2a2d36e0c8087f055",
     "fields": null,
     "restrictions": null,
     "childrenIds": [
     ],
     "backgroundColor": "",
     "align": "AlignLeft",
     "verticalAlign": "VerticalAlignTop",
     "text": {
      "text": "cloud-controller-manager (optional) can be used to interact with the API of cloud providers, to create external resources like load balancers, storage or security groups",
      "style": "Marked",
      "marks": {
       "marks": [
        {
         "range": {
          "from": 0,
          "to": 24
         },
         "type": "Bold",
         "param": ""
        },
        {
         "range": {
          "from": 0,
          "to": 24
         },
         "type": "Underscored",
         "param": ""
        }
       ]
      },
      "checked": false,
      "color": "",
      "iconEmoji": "",
      "iconImage": ""
     }
    },
    {
     "id": "66676004a2d36e0c8087f05b",
     "fields": null,
     "restrictions": null,
     "childrenIds": [
     ],
     "backgroundColor": "",
     "align": "AlignLeft",
     "verticalAlign": "VerticalAlignTop",
     "text": {
      "text": "Components of worker nodes:",
      "style": "Paragraph",
      "marks": {
       "marks": [
       ]
      },
      "checked": false,
      "color": "",
      "iconEmoji": "",
      "iconImage": ""
     }
    },
    {
     "id": "6667600da2d36e0c8087f05c",
     "fields": null,
     "restrictions": null,
     "childrenIds": [
     ],
     "backgroundColor": "",
     "align": "AlignLeft",
     "verticalAlign": "VerticalAlignTop",
     "text": {
      "text": "container runtime is responsible for running the containers on the worker node",
      "style": "Marked",
      "marks": {
       "marks": [
        {
         "range": {
          "from": 0,
          "to": 17
         },
         "type": "Bold",
         "param": ""
        },
        {
         "range": {
          "from": 0,
          "to": 17
         },
         "type": "Underscored",
         "param": ""
        }
       ]
      },
      "checked": false,
      "color": "",
      "iconEmoji": "",
      "iconImage": ""
     }
    },
    {
     "id": "66676035a2d36e0c8087f05d",
     "fields": null,
     "restrictions": null,
     "childrenIds": [
     ],
     "backgroundColor": "",
     "align": "AlignLeft",
     "verticalAlign": "VerticalAlignTop",
     "text": {
      "text": "kubelet is a small agent that runs on every worker node in the cluster, talks to the api-server and the container runtime to handle the final stage of starting containers",
      "style": "Marked",
      "marks": {
       "marks": [
        {
         "range": {
          "from": 0,
          "to": 7
         },
         "type": "Bold",
         "param": ""
        },
        {
         "range": {
          "from": 0,
          "to": 7
         },
         "type": "Underscored",
         "param": ""
        }
       ]
      },
      "checked": false,
      "color": "",
      "iconEmoji": "",
      "iconImage": ""
     }
    },
    {
     "id": "66676075a2d36e0c8087f05e",
     "fields": null,
     "restrictions": null,
     "childrenIds": [
     ],
     "backgroundColor": "",
     "align": "AlignLeft",
     "verticalAlign": "VerticalAlignTop",
     "text": {
      "text": "kube-proxy is a network proxy that handles inside and outside communication of your cluster, trying to rely on the networking capabilities of the underlying operating system if possible",
      "style": "Marked",
      "marks": {
       "marks": [
        {
         "range": {
          "from": 0,
          "to": 10
         },
         "type": "Bold",
         "param": ""
        },
        {
         "range": {
          "from": 0,
          "to": 10
         },
         "type": "Underscored",
         "param": ""
        }
       ]
      },
      "checked": false,
      "color": "",
      "iconEmoji": "",
      "iconImage": ""
     }
    },
    {
     "id": "66676105a2d36e0c8087f076",
     "fields": null,
     "restrictions": null,
     "childrenIds": [
     ],
     "backgroundColor": "",
     "align": "AlignLeft",
     "verticalAlign": "VerticalAlignTop",
     "text": {
      "text": "It is important to note that this design makes it possible that applications that are already started on a worker node will continue to run even if the control plane is not available. Although a lot of important functionality like scaling, scheduling new applications, etc., will not be possible while the control plane is offline.",
      "style": "Paragraph",
      "marks": {
       "marks": [
        {
         "range": {
          "from": 0,
          "to": 331
         },
         "type": "Italic",
         "param": ""
        },
        {
         "range": {
          "from": 0,
          "to": 331
         },
         "type": "Bold",
         "param": ""
        }
       ]
      },
      "checked": false,
      "color": "",
      "iconEmoji": "",
      "iconImage": ""
     }
    },
    {
     "id": "666760e1a2d36e0c8087f06e",
     "fields": null,
     "restrictions": null,
     "childrenIds": [
     ],
     "backgroundColor": "",
     "align": "AlignLeft",
     "verticalAlign": "VerticalAlignTop",
     "text": {
      "text": "Kubernetes also has a concept of namespaces, which are not to be confused with kernel namespaces that are used to isolate containers. A Kubernetes namespace can be used to divide a cluster into multiple virtual clusters, which can be used for multi-tenancy when multiple teams share a cluster.",
      "style": "Paragraph",
      "marks": {
       "marks": [
        {
         "range": {
          "from": 33,
          "to": 43
         },
         "type": "Italic",
         "param": ""
        },
        {
         "range": {
          "from": 194,
          "to": 219
         },
         "type": "Italic",
         "param": ""
        },
        {
         "range": {
          "from": 134,
          "to": 219
         },
         "type": "Bold",
         "param": ""
        }
       ]
      },
      "checked": false,
      "color": "",
      "iconEmoji": "",
      "iconImage": ""
     }
    },
    {
     "id": "66676115a2d36e0c8087f07a",
     "fields": {
       "width": 0.7560844886625653
      },
     "restrictions": null,
     "childrenIds": [
     ],
     "backgroundColor": "",
     "align": "AlignLeft",
     "verticalAlign": "VerticalAlignTop",
     "file": {
      "hash": "",
      "name": "image.png",
      "type": "Image",
      "mime": "image/png",
      "size": "148173",
      "addedAt": "0",
      "targetObjectId": "bafyreie7cjaudfdnn3qr3yo6qpfiuafovbwn5m3gh2od5gsc3bwzmslfwi",
      "state": "Done",
      "style": "Embed"
     }
    },
    {
     "id": "66676110a2d36e0c8087f078",
     "fields": null,
     "restrictions": null,
     "childrenIds": [
     ],
     "backgroundColor": "",
     "align": "AlignLeft",
     "verticalAlign": "VerticalAlignTop",
     "text": {
      "text": "",
      "style": "Paragraph",
      "marks": {
       "marks": [
       ]
      },
      "checked": false,
      "color": "",
      "iconEmoji": "",
      "iconImage": ""
     }
    },
    {
     "id": "6665a3bea2d36e05f01606f9",
     "fields": null,
     "restrictions": null,
     "childrenIds": [
     ],
     "backgroundColor": "",
     "align": "AlignLeft",
     "verticalAlign": "VerticalAlignTop",
     "text": {
      "text": "Kubernetes Setup",
      "style": "Header2",
      "marks": {
       "marks": [
        {
         "range": {
          "from": 0,
          "to": 16
         },
         "type": "Underscored",
         "param": ""
        }
       ]
      },
      "checked": false,
      "color": "",
      "iconEmoji": "",
      "iconImage": ""
     }
    },
    {
     "id": "66676181a2d36e0c8087f081",
     "fields": null,
     "restrictions": null,
     "childrenIds": [
     ],
     "backgroundColor": "",
     "align": "AlignLeft",
     "verticalAlign": "VerticalAlignTop",
     "text": {
      "text": "Creating a test \"cluster\" can be very easy with:",
      "style": "Paragraph",
      "marks": {
       "marks": [
       ]
      },
      "checked": false,
      "color": "",
      "iconEmoji": "",
      "iconImage": ""
     }
    },
    {
     "id": "66676187a2d36e0c8087f08c",
     "fields": null,
     "restrictions": {
      "read": false,
      "edit": false,
      "remove": false,
      "drag": false,
      "dropOn": false
     },
     "childrenIds": [
     ],
     "backgroundColor": "",
     "align": "AlignLeft",
     "verticalAlign": "VerticalAlignTop",
     "text": {
      "text": "Minikube",
      "style": "Marked",
      "marks": {
       "marks": [
        {
         "range": {
          "from": 0,
          "to": 8
         },
         "type": "Underscored",
         "param": ""
        },
        {
         "range": {
          "from": 0,
          "to": 8
         },
         "type": "Link",
         "param": "https://minikube.sigs.k8s.io/docs/"
        }
       ]
      },
      "checked": false,
      "color": "",
      "iconEmoji": "",
      "iconImage": ""
     }
    },
    {
     "id": "66676187a2d36e0c8087f08d",
     "fields": null,
     "restrictions": {
      "read": false,
      "edit": false,
      "remove": false,
      "drag": false,
      "dropOn": false
     },
     "childrenIds": [
     ],
     "backgroundColor": "",
     "align": "AlignLeft",
     "verticalAlign": "VerticalAlignTop",
     "text": {
      "text": "kind",
      "style": "Marked",
      "marks": {
       "marks": [
        {
         "range": {
          "from": 0,
          "to": 4
         },
         "type": "Underscored",
         "param": ""
        },
        {
         "range": {
          "from": 0,
          "to": 4
         },
         "type": "Link",
         "param": "https://kind.sigs.k8s.io/"
        }
       ]
      },
      "checked": false,
      "color": "",
      "iconEmoji": "",
      "iconImage": ""
     }
    },
    {
     "id": "66676187a2d36e0c8087f08e",
     "fields": null,
     "restrictions": null,
     "childrenIds": [
     ],
     "backgroundColor": "",
     "align": "AlignLeft",
     "verticalAlign": "VerticalAlignTop",
     "text": {
      "text": "MicroK8s",
      "style": "Marked",
      "marks": {
       "marks": [
        {
         "range": {
          "from": 0,
          "to": 8
         },
         "type": "Underscored",
         "param": ""
        },
        {
         "range": {
          "from": 0,
          "to": 8
         },
         "type": "Link",
         "param": "https://microk8s.io/"
        }
       ]
      },
      "checked": false,
      "color": "",
      "iconEmoji": "",
      "iconImage": ""
     }
    },
    {
     "id": "66676195a2d36e0c8087f095",
     "fields": null,
     "restrictions": null,
     "childrenIds": [
     ],
     "backgroundColor": "",
     "align": "AlignLeft",
     "verticalAlign": "VerticalAlignTop",
     "text": {
      "text": "Set up a production-grade cluster on your own hardware or virtual machines",
      "style": "Paragraph",
      "marks": {
       "marks": [
       ]
      },
      "checked": false,
      "color": "",
      "iconEmoji": "",
      "iconImage": ""
     }
    },
    {
     "id": "6667619ba2d36e0c8087f09f",
     "fields": null,
     "restrictions": null,
     "childrenIds": [
     ],
     "backgroundColor": "",
     "align": "AlignLeft",
     "verticalAlign": "VerticalAlignTop",
     "text": {
      "text": "kubeadm",
      "style": "Marked",
      "marks": {
       "marks": [
        {
         "range": {
          "from": 0,
          "to": 7
         },
         "type": "Underscored",
         "param": ""
        },
        {
         "range": {
          "from": 0,
          "to": 7
         },
         "type": "Link",
         "param": "https://kubernetes.io/docs/reference/setup-tools/kubeadm/"
        }
       ]
      },
      "checked": false,
      "color": "",
      "iconEmoji": "",
      "iconImage": ""
     }
    },
    {
     "id": "6667619ba2d36e0c8087f0a0",
     "fields": null,
     "restrictions": null,
     "childrenIds": [
     ],
     "backgroundColor": "",
     "align": "AlignLeft",
     "verticalAlign": "VerticalAlignTop",
     "text": {
      "text": "kops",
      "style": "Marked",
      "marks": {
       "marks": [
        {
         "range": {
          "from": 0,
          "to": 4
         },
         "type": "Underscored",
         "param": ""
        },
        {
         "range": {
          "from": 0,
          "to": 4
         },
         "type": "Link",
         "param": "https://github.com/kubernetes/kops"
        }
       ]
      },
      "checked": false,
      "color": "",
      "iconEmoji": "",
      "iconImage": ""
     }
    },
    {
     "id": "6667619ba2d36e0c8087f0a1",
     "fields": null,
     "restrictions": null,
     "childrenIds": [
     ],
     "backgroundColor": "",
     "align": "AlignLeft",
     "verticalAlign": "VerticalAlignTop",
     "text": {
      "text": "kubespray",
      "style": "Marked",
      "marks": {
       "marks": [
        {
         "range": {
          "from": 0,
          "to": 9
         },
         "type": "Underscored",
         "param": ""
        },
        {
         "range": {
          "from": 0,
          "to": 9
         },
         "type": "Link",
         "param": "https://github.com/kubernetes-sigs/kubespray"
        }
       ]
      },
      "checked": false,
      "color": "",
      "iconEmoji": "",
      "iconImage": ""
     }
    },
    {
     "id": "666761a9a2d36e0c8087f0a8",
     "fields": null,
     "restrictions": null,
     "childrenIds": [
     ],
     "backgroundColor": "",
     "align": "AlignLeft",
     "verticalAlign": "VerticalAlignTop",
     "text": {
      "text": "Kubernetes packaged into a distribution:",
      "style": "Paragraph",
      "marks": {
       "marks": [
       ]
      },
      "checked": false,
      "color": "",
      "iconEmoji": "",
      "iconImage": ""
     }
    },
    {
     "id": "666761b6a2d36e0c8087f0b5",
     "fields": null,
     "restrictions": null,
     "childrenIds": [
     ],
     "backgroundColor": "",
     "align": "AlignLeft",
     "verticalAlign": "VerticalAlignTop",
     "text": {
      "text": "Rancher",
      "style": "Marked",
      "marks": {
       "marks": [
        {
         "range": {
          "from": 0,
          "to": 7
         },
         "type": "Underscored",
         "param": ""
        },
        {
         "range": {
          "from": 0,
          "to": 7
         },
         "type": "Link",
         "param": "https://rancher.com/"
        }
       ]
      },
      "checked": false,
      "color": "",
      "iconEmoji": "",
      "iconImage": ""
     }
    },
    {
     "id": "666761b6a2d36e0c8087f0b6",
     "fields": null,
     "restrictions": null,
     "childrenIds": [
     ],
     "backgroundColor": "",
     "align": "AlignLeft",
     "verticalAlign": "VerticalAlignTop",
     "text": {
      "text": "k3s",
      "style": "Marked",
      "marks": {
       "marks": [
        {
         "range": {
          "from": 0,
          "to": 3
         },
         "type": "Underscored",
         "param": ""
        },
        {
         "range": {
          "from": 0,
          "to": 3
         },
         "type": "Link",
         "param": "https://k3s.io/"
        }
       ]
      },
      "checked": false,
      "color": "",
      "iconEmoji": "",
      "iconImage": ""
     }
    },
    {
     "id": "666761b6a2d36e0c8087f0b7",
     "fields": null,
     "restrictions": null,
     "childrenIds": [
     ],
     "backgroundColor": "",
     "align": "AlignLeft",
     "verticalAlign": "VerticalAlignTop",
     "text": {
      "text": "OpenShift",
      "style": "Marked",
      "marks": {
       "marks": [
        {
         "range": {
          "from": 0,
          "to": 9
         },
         "type": "Underscored",
         "param": ""
        },
        {
         "range": {
          "from": 0,
          "to": 9
         },
         "type": "Link",
         "param": "https://www.redhat.com/en/technologies/cloud-computing/openshift"
        }
       ]
      },
      "checked": false,
      "color": "",
      "iconEmoji": "",
      "iconImage": ""
     }
    },
    {
     "id": "666761b6a2d36e0c8087f0b8",
     "fields": null,
     "restrictions": null,
     "childrenIds": [
     ],
     "backgroundColor": "",
     "align": "AlignLeft",
     "verticalAlign": "VerticalAlignTop",
     "text": {
      "text": "VMWare Tanzu",
      "style": "Marked",
      "marks": {
       "marks": [
        {
         "range": {
          "from": 0,
          "to": 12
         },
         "type": "Underscored",
         "param": ""
        },
        {
         "range": {
          "from": 0,
          "to": 12
         },
         "type": "Link",
         "param": "https://tanzu.vmware.com/tanzu"
        }
       ]
      },
      "checked": false,
      "color": "",
      "iconEmoji": "",
      "iconImage": ""
     }
    },
    {
     "id": "666761eba2d36e0c8087f0ba",
     "fields": null,
     "restrictions": null,
     "childrenIds": [
     ],
     "backgroundColor": "",
     "align": "AlignLeft",
     "verticalAlign": "VerticalAlignTop",
     "text": {
      "text": "Cloud providers:",
      "style": "Paragraph",
      "marks": {
       "marks": [
       ]
      },
      "checked": false,
      "color": "",
      "iconEmoji": "",
      "iconImage": ""
     }
    },
    {
     "id": "666761f1a2d36e0c8087f0c8",
     "fields": null,
     "restrictions": null,
     "childrenIds": [
     ],
     "backgroundColor": "",
     "align": "AlignLeft",
     "verticalAlign": "VerticalAlignTop",
     "text": {
      "text": "Amazon (EKS)",
      "style": "Marked",
      "marks": {
       "marks": [
        {
         "range": {
          "from": 0,
          "to": 12
         },
         "type": "Underscored",
         "param": ""
        },
        {
         "range": {
          "from": 0,
          "to": 12
         },
         "type": "Link",
         "param": "https://aws.amazon.com/eks/"
        }
       ]
      },
      "checked": false,
      "color": "",
      "iconEmoji": "",
      "iconImage": ""
     }
    },
    {
     "id": "666761f1a2d36e0c8087f0c9",
     "fields": null,
     "restrictions": null,
     "childrenIds": [
     ],
     "backgroundColor": "",
     "align": "AlignLeft",
     "verticalAlign": "VerticalAlignTop",
     "text": {
      "text": "Google (GKE)",
      "style": "Marked",
      "marks": {
       "marks": [
        {
         "range": {
          "from": 0,
          "to": 12
         },
         "type": "Underscored",
         "param": ""
        },
        {
         "range": {
          "from": 0,
          "to": 12
         },
         "type": "Link",
         "param": "https://cloud.google.com/kubernetes-engine"
        }
       ]
      },
      "checked": false,
      "color": "",
      "iconEmoji": "",
      "iconImage": ""
     }
    },
    {
     "id": "666761f1a2d36e0c8087f0ca",
     "fields": null,
     "restrictions": null,
     "childrenIds": [
     ],
     "backgroundColor": "",
     "align": "AlignLeft",
     "verticalAlign": "VerticalAlignTop",
     "text": {
      "text": "Microsoft (AKS)",
      "style": "Marked",
      "marks": {
       "marks": [
        {
         "range": {
          "from": 0,
          "to": 15
         },
         "type": "Underscored",
         "param": ""
        },
        {
         "range": {
          "from": 0,
          "to": 15
         },
         "type": "Link",
         "param": "https://azure.microsoft.com/en-us/services/kubernetes-service"
        }
       ]
      },
      "checked": false,
      "color": "",
      "iconEmoji": "",
      "iconImage": ""
     }
    },
    {
     "id": "666761f1a2d36e0c8087f0cb",
     "fields": null,
     "restrictions": null,
     "childrenIds": [
     ],
     "backgroundColor": "",
     "align": "AlignLeft",
     "verticalAlign": "VerticalAlignTop",
     "text": {
      "text": "DigitalOcean (DOKS)",
      "style": "Marked",
      "marks": {
       "marks": [
        {
         "range": {
          "from": 0,
          "to": 19
         },
         "type": "Underscored",
         "param": ""
        },
        {
         "range": {
          "from": 0,
          "to": 19
         },
         "type": "Link",
         "param": "https://www.digitalocean.com/products/kubernetes/"
        }
       ]
      },
      "checked": false,
      "color": "",
      "iconEmoji": "",
      "iconImage": ""
     }
    },
    {
     "id": "666761f2a2d36e0c8087f0cd",
     "fields": null,
     "restrictions": null,
     "childrenIds": [
     ],
     "backgroundColor": "",
     "align": "AlignLeft",
     "verticalAlign": "VerticalAlignTop",
     "text": {
      "text": "",
      "style": "Paragraph",
      "marks": {
       "marks": [
       ]
      },
      "checked": false,
      "color": "",
      "iconEmoji": "",
      "iconImage": ""
     }
    },
    {
     "id": "6665a3d1a2d36e05f01606fe",
     "fields": null,
     "restrictions": {
      "read": false,
      "edit": false,
      "remove": false,
      "drag": false,
      "dropOn": false
     },
     "childrenIds": [
     ],
     "backgroundColor": "",
     "align": "AlignLeft",
     "verticalAlign": "VerticalAlignTop",
     "text": {
      "text": "Kubernetes API",
      "style": "Header2",
      "marks": {
       "marks": [
        {
         "range": {
          "from": 0,
          "to": 14
         },
         "type": "Underscored",
         "param": ""
        }
       ]
      },
      "checked": false,
      "color": "",
      "iconEmoji": "",
      "iconImage": ""
     }
    },
    {
     "id": "6667633ea2d36e0c8087f0d4",
     "fields": null,
     "restrictions": null,
     "childrenIds": [
     ],
     "backgroundColor": "",
     "align": "AlignLeft",
     "verticalAlign": "VerticalAlignTop",
     "text": {
      "text": "Without it, communication with the cluster is not possible, every user and every component of the cluster itself needs the api-server.",
      "style": "Paragraph",
      "marks": {
       "marks": [
       ]
      },
      "checked": false,
      "color": "",
      "iconEmoji": "",
      "iconImage": ""
     }
    },
    {
     "id": "666763b9a2d36e0c8087f0f9",
     "fields": null,
     "restrictions": null,
     "childrenIds": [
     ],
     "backgroundColor": "",
     "align": "AlignLeft",
     "verticalAlign": "VerticalAlignTop",
     "text": {
      "text": "The Kubernetes API is implemented as a RESTful interface that is exposed over HTTPS.",
      "style": "Paragraph",
      "marks": {
       "marks": [
        {
         "range": {
          "from": 0,
          "to": 84
         },
         "type": "Bold",
         "param": ""
        },
        {
         "range": {
          "from": 0,
          "to": 84
         },
         "type": "Underscored",
         "param": ""
        },
        {
         "range": {
          "from": 0,
          "to": 84
         },
         "type": "TextColor",
         "param": "red"
        }
       ]
      },
      "checked": false,
      "color": "",
      "iconEmoji": "",
      "iconImage": ""
     }
    },
    {
     "id": "66676352a2d36e0c8087f0e0",
     "fields": null,
     "restrictions": null,
     "childrenIds": [
     ],
     "backgroundColor": "",
     "align": "AlignLeft",
     "verticalAlign": "VerticalAlignTop",
     "text": {
      "text": "Before a request is processed by Kubernetes, it has to go through three stages:",
      "style": "Paragraph",
      "marks": {
       "marks": [
       ]
      },
      "checked": false,
      "color": "",
      "iconEmoji": "",
      "iconImage": ""
     }
    },
    {
     "id": "6667635da2d36e0c8087f0eb",
     "fields": null,
     "restrictions": null,
     "childrenIds": [
     ],
     "backgroundColor": "",
     "align": "AlignLeft",
     "verticalAlign": "VerticalAlignTop",
     "text": {
      "text": "Authentication\nThe requester needs to present a means of identity to authenticate against the API. Commonly done with a digital signed certificate ( X.509) or with an external identity management system. Kubernetes users are always externally managed. Service Accounts can be used to authenticate technical users.",
      "style": "Marked",
      "marks": {
       "marks": [
        {
         "range": {
          "from": 0,
          "to": 14
         },
         "type": "Bold",
         "param": ""
        },
        {
         "range": {
          "from": 149,
          "to": 154
         },
         "type": "Underscored",
         "param": ""
        },
        {
         "range": {
          "from": 149,
          "to": 154
         },
         "type": "Link",
         "param": "https://en.wikipedia.org/wiki/X.509"
        },
        {
         "range": {
          "from": 225,
          "to": 231
         },
         "type": "Italic",
         "param": ""
        },
        {
         "range": {
          "from": 252,
          "to": 268
         },
         "type": "Underscored",
         "param": ""
        },
        {
         "range": {
          "from": 252,
          "to": 268
         },
         "type": "Link",
         "param": "https://kubernetes.io/docs/reference/access-authn-authz/service-accounts-admin/"
        }
       ]
      },
      "checked": false,
      "color": "",
      "iconEmoji": "",
      "iconImage": ""
     }
    },
    {
     "id": "6667635da2d36e0c8087f0ec",
     "fields": null,
     "restrictions": null,
     "childrenIds": [
     ],
     "backgroundColor": "",
     "align": "AlignLeft",
     "verticalAlign": "VerticalAlignTop",
     "text": {
      "text": "Authorization\nIt is decided what the requester is allowed to do. In Kubernetes this can be done with Role Based Access Control (RBAC).",
      "style": "Marked",
      "marks": {
       "marks": [
        {
         "range": {
          "from": 0,
          "to": 13
         },
         "type": "Bold",
         "param": ""
        },
        {
         "range": {
          "from": 101,
          "to": 133
         },
         "type": "Underscored",
         "param": ""
        },
        {
         "range": {
          "from": 101,
          "to": 133
         },
         "type": "Link",
         "param": "https://kubernetes.io/docs/reference/access-authn-authz/rbac/"
        }
       ]
      },
      "checked": false,
      "color": "",
      "iconEmoji": "",
      "iconImage": ""
     }
    },
    {
     "id": "6667635da2d36e0c8087f0ed",
     "fields": null,
     "restrictions": null,
     "childrenIds": [
     ],
     "backgroundColor": "",
     "align": "AlignLeft",
     "verticalAlign": "VerticalAlignTop",
     "text": {
      "text": "Admission Control\nIn the last step, admission controllers can be used to modify or validate the request. For example, if a user tries to use a container image from an untrustworthy registry, an admission controller could block this request. Tools like the Open Policy Agent can be used to manage admission control externally.",
      "style": "Marked",
      "marks": {
       "marks": [
        {
         "range": {
          "from": 0,
          "to": 17
         },
         "type": "Bold",
         "param": ""
        },
        {
         "range": {
          "from": 36,
          "to": 57
         },
         "type": "Underscored",
         "param": ""
        },
        {
         "range": {
          "from": 36,
          "to": 57
         },
         "type": "Link",
         "param": "https://kubernetes.io/docs/reference/access-authn-authz/admission-controllers/"
        },
        {
         "range": {
          "from": 256,
          "to": 273
         },
         "type": "Underscored",
         "param": ""
        },
        {
         "range": {
          "from": 256,
          "to": 273
         },
         "type": "Link",
         "param": "https://www.openpolicyagent.org/"
        }
       ]
      },
      "checked": false,
      "color": "",
      "iconEmoji": "",
      "iconImage": ""
     }
    },
    {
     "id": "66676393a2d36e0c8087f0f0",
     "fields": {
       "width": 0.7580468313072145
      },
     "restrictions": null,
     "childrenIds": [
     ],
     "backgroundColor": "",
     "align": "AlignLeft",
     "verticalAlign": "VerticalAlignTop",
     "file": {
      "hash": "",
      "name": "image.png",
      "type": "Image",
      "mime": "image/png",
      "size": "163544",
      "addedAt": "0",
      "targetObjectId": "bafyreiaplkbgnh3jvdpjqe4ej3ypepmsmdvrhltgluyvrotl2vzqk52w54",
      "state": "Done",
      "style": "Embed"
     }
    },
    {
     "id": "6667639da2d36e0c8087f0f1",
     "fields": null,
     "restrictions": null,
     "childrenIds": [
     ],
     "backgroundColor": "",
     "align": "AlignLeft",
     "verticalAlign": "VerticalAlignTop",
     "text": {
      "text": "",
      "style": "Paragraph",
      "marks": {
       "marks": [
       ]
      },
      "checked": false,
      "color": "",
      "iconEmoji": "",
      "iconImage": ""
     }
    },
    {
     "id": "6665aaf9a2d36e05f01607ab",
     "fields": null,
     "restrictions": {
      "read": false,
      "edit": false,
      "remove": false,
      "drag": false,
      "dropOn": false
     },
     "childrenIds": [
     ],
     "backgroundColor": "",
     "align": "AlignLeft",
     "verticalAlign": "VerticalAlignTop",
     "text": {
      "text": "Running Containers on Kubernetes",
      "style": "Header2",
      "marks": {
       "marks": [
        {
         "range": {
          "from": 0,
          "to": 32
         },
         "type": "Underscored",
         "param": ""
        }
       ]
      },
      "checked": false,
      "color": "",
      "iconEmoji": "",
      "iconImage": ""
     }
    },
    {
     "id": "666763eba2d36e0c8087f0ff",
     "fields": null,
     "restrictions": null,
     "childrenIds": [
     ],
     "backgroundColor": "",
     "align": "AlignLeft",
     "verticalAlign": "VerticalAlignTop",
     "text": {
      "text": "In Kubernetes, instead of starting containers directly, you define Pods as the smallest compute unit and Kubernetes translates that into a running container.",
      "style": "Paragraph",
      "marks": {
       "marks": [
        {
         "range": {
          "from": 60,
          "to": 100
         },
         "type": "Bold",
         "param": ""
        },
        {
         "range": {
          "from": 60,
          "to": 100
         },
         "type": "Underscored",
         "param": ""
        }
       ]
      },
      "checked": false,
      "color": "",
      "iconEmoji": "",
      "iconImage": ""
     }
    },
    {
     "id": "66676423a2d36e0c8087f102",
     "fields": {
       "width": 0.7021200659347129
      },
     "restrictions": null,
     "childrenIds": [
     ],
     "backgroundColor": "",
     "align": "AlignLeft",
     "verticalAlign": "VerticalAlignTop",
     "file": {
      "hash": "",
      "name": "image.png",
      "type": "Image",
      "mime": "image/png",
      "size": "125654",
      "addedAt": "0",
      "targetObjectId": "bafyreibqexaduiu6awki327axfflivoi2ybi7xctxnx2lm7duvssri2mg4",
      "state": "Done",
      "style": "Embed"
     }
    },
    {
     "id": "66676428a2d36e0c8087f103",
     "fields": null,
     "restrictions": null,
     "childrenIds": [
     ],
     "backgroundColor": "",
     "align": "AlignLeft",
     "verticalAlign": "VerticalAlignTop",
     "text": {
      "text": "Container Runtimes:",
      "style": "Paragraph",
      "marks": {
       "marks": [
       ]
      },
      "checked": false,
      "color": "",
      "iconEmoji": "",
      "iconImage": ""
     }
    },
    {
     "id": "66676432a2d36e0c8087f104",
     "fields": null,
     "restrictions": null,
     "childrenIds": [
     ],
     "backgroundColor": "",
     "align": "AlignLeft",
     "verticalAlign": "VerticalAlignTop",
     "text": {
      "text": "containerd is a lightweight and performant implementation to run containers",
      "style": "Marked",
      "marks": {
       "marks": [
        {
         "range": {
          "from": 0,
          "to": 10
         },
         "type": "Bold",
         "param": ""
        },
        {
         "range": {
          "from": 0,
          "to": 10
         },
         "type": "Underscored",
         "param": ""
        }
       ]
      },
      "checked": false,
      "color": "",
      "iconEmoji": "",
      "iconImage": ""
     }
    },
    {
     "id": "6667644ba2d36e0c8087f10b",
     "fields": null,
     "restrictions": null,
     "childrenIds": [
     ],
     "backgroundColor": "",
     "align": "AlignLeft",
     "verticalAlign": "VerticalAlignTop",
     "text": {
      "text": "CRI-O was created by Red Hat",
      "style": "Marked",
      "marks": {
       "marks": [
        {
         "range": {
          "from": 0,
          "to": 5
         },
         "type": "Bold",
         "param": ""
        },
        {
         "range": {
          "from": 0,
          "to": 5
         },
         "type": "Underscored",
         "param": ""
        }
       ]
      },
      "checked": false,
      "color": "",
      "iconEmoji": "",
      "iconImage": ""
     }
    },
    {
     "id": "66676462a2d36e0c8087f111",
     "fields": null,
     "restrictions": null,
     "childrenIds": [
     ],
     "backgroundColor": "",
     "align": "AlignLeft",
     "verticalAlign": "VerticalAlignTop",
     "text": {
      "text": "Docker the standard for a long time, but never really made for container orchestration (removed from Kubernetes 1.24)",
      "style": "Marked",
      "marks": {
       "marks": [
        {
         "range": {
          "from": 0,
          "to": 6
         },
         "type": "Bold",
         "param": ""
        },
        {
         "range": {
          "from": 0,
          "to": 6
         },
         "type": "Underscored",
         "param": ""
        }
       ]
      },
      "checked": false,
      "color": "",
      "iconEmoji": "",
      "iconImage": ""
     }
    },
    {
     "id": "66676489a2d36e0c8087f117",
     "fields": null,
     "restrictions": null,
     "childrenIds": [
     ],
     "backgroundColor": "",
     "align": "AlignLeft",
     "verticalAlign": "VerticalAlignTop",
     "text": {
      "text": "containerd and CRI-O try to solve the security problem that comes with sharing the kernel between multiple containers. The most common tools at the moment are:",
      "style": "Paragraph",
      "marks": {
       "marks": [
       ]
      },
      "checked": false,
      "color": "",
      "iconEmoji": "",
      "iconImage": ""
     }
    },
    {
     "id": "666764cba2d36e0c8087f125",
     "fields": null,
     "restrictions": null,
     "childrenIds": [
     ],
     "backgroundColor": "",
     "align": "AlignLeft",
     "verticalAlign": "VerticalAlignTop",
     "text": {
      "text": "gvisor\nMade by Google, provides an application kernel that sits between the containerized process and the host kernel.",
      "style": "Marked",
      "marks": {
       "marks": [
        {
         "range": {
          "from": 0,
          "to": 6
         },
         "type": "Underscored",
         "param": ""
        },
        {
         "range": {
          "from": 0,
          "to": 6
         },
         "type": "Link",
         "param": "https://github.com/google/gvisor"
        }
       ]
      },
      "checked": false,
      "color": "",
      "iconEmoji": "",
      "iconImage": ""
     }
    },
    {
     "id": "666764cba2d36e0c8087f126",
     "fields": null,
     "restrictions": null,
     "childrenIds": [
     ],
     "backgroundColor": "",
     "align": "AlignLeft",
     "verticalAlign": "VerticalAlignTop",
     "text": {
      "text": "Kata Containers\nA secure runtime that provides a lightweight virtual machine, but behaves like a container.",
      "style": "Marked",
      "marks": {
       "marks": [
        {
         "range": {
          "from": 0,
          "to": 15
         },
         "type": "Underscored",
         "param": ""
        },
        {
         "range": {
          "from": 0,
          "to": 15
         },
         "type": "Link",
         "param": "https://katacontainers.io/"
        }
       ]
      },
      "checked": false,
      "color": "",
      "iconEmoji": "",
      "iconImage": ""
     }
    },
    {
     "id": "666764cea2d36e0c8087f128",
     "fields": null,
     "restrictions": null,
     "childrenIds": [
     ],
     "backgroundColor": "",
     "align": "AlignLeft",
     "verticalAlign": "VerticalAlignTop",
     "text": {
      "text": "",
      "style": "Paragraph",
      "marks": {
       "marks": [
       ]
      },
      "checked": false,
      "color": "",
      "iconEmoji": "",
      "iconImage": ""
     }
    },
    {
     "id": "6665ab13a2d36e05f01607ac",
     "fields": null,
     "restrictions": {
      "read": false,
      "edit": false,
      "remove": false,
      "drag": false,
      "dropOn": false
     },
     "childrenIds": [
     ],
     "backgroundColor": "",
     "align": "AlignLeft",
     "verticalAlign": "VerticalAlignTop",
     "text": {
      "text": "Networking",
      "style": "Header2",
      "marks": {
       "marks": [
        {
         "range": {
          "from": 0,
          "to": 10
         },
         "type": "Underscored",
         "param": ""
        }
       ]
      },
      "checked": false,
      "color": "",
      "iconEmoji": "",
      "iconImage": ""
     }
    },
    {
     "id": "666764f8a2d36e0c8087f138",
     "fields": null,
     "restrictions": null,
     "childrenIds": [
     ],
     "backgroundColor": "",
     "align": "AlignLeft",
     "verticalAlign": "VerticalAlignTop",
     "text": {
      "text": "Containers need to communicate across a lot of nodes. Kubernetes distinguishes between four different networking problems that need to be solved:",
      "style": "Paragraph",
      "marks": {
       "marks": [
       ]
      },
      "checked": false,
      "color": "",
      "iconEmoji": "",
      "iconImage": ""
     }
    },
    {
     "id": "666764f8a2d36e0c8087f139",
     "fields": null,
     "restrictions": null,
     "childrenIds": [
     ],
     "backgroundColor": "",
     "align": "AlignLeft",
     "verticalAlign": "VerticalAlignTop",
     "text": {
      "text": "Container-to-Container communications\nThis can be solved by the Pod concept as we'll learn later.",
      "style": "Numbered",
      "marks": {
       "marks": [
        {
         "range": {
          "from": 0,
          "to": 37
         },
         "type": "Bold",
         "param": ""
        }
       ]
      },
      "checked": false,
      "color": "",
      "iconEmoji": "",
      "iconImage": ""
     }
    },
    {
     "id": "666764f8a2d36e0c8087f13a",
     "fields": null,
     "restrictions": null,
     "childrenIds": [
     ],
     "backgroundColor": "",
     "align": "AlignLeft",
     "verticalAlign": "VerticalAlignTop",
     "text": {
      "text": "Pod-to-Pod communications\nThis can be solved with an overlay network.",
      "style": "Numbered",
      "marks": {
       "marks": [
        {
         "range": {
          "from": 0,
          "to": 25
         },
         "type": "Bold",
         "param": ""
        }
       ]
      },
      "checked": false,
      "color": "",
      "iconEmoji": "",
      "iconImage": ""
     }
    },
    {
     "id": "666764f8a2d36e0c8087f13b",
     "fields": null,
     "restrictions": null,
     "childrenIds": [
     ],
     "backgroundColor": "",
     "align": "AlignLeft",
     "verticalAlign": "VerticalAlignTop",
     "text": {
      "text": "Pod-to-Service communications\nIt is implemented by the kube-proxy and packet filter on the node.",
      "style": "Numbered",
      "marks": {
       "marks": [
        {
         "range": {
          "from": 0,
          "to": 29
         },
         "type": "Bold",
         "param": ""
        }
       ]
      },
      "checked": false,
      "color": "",
      "iconEmoji": "",
      "iconImage": ""
     }
    },
    {
     "id": "666764f8a2d36e0c8087f13c",
     "fields": null,
     "restrictions": null,
     "childrenIds": [
     ],
     "backgroundColor": "",
     "align": "AlignLeft",
     "verticalAlign": "VerticalAlignTop",
     "text": {
      "text": "External-to-Service communications\nIt is implemented by the kube-proxy and packet filter on the node.",
      "style": "Numbered",
      "marks": {
       "marks": [
        {
         "range": {
          "from": 0,
          "to": 34
         },
         "type": "Bold",
         "param": ""
        }
       ]
      },
      "checked": false,
      "color": "",
      "iconEmoji": "",
      "iconImage": ""
     }
    },
    {
     "id": "6667652da2d36e0c8087f148",
     "fields": null,
     "restrictions": null,
     "childrenIds": [
     ],
     "backgroundColor": "",
     "align": "AlignLeft",
     "verticalAlign": "VerticalAlignTop",
     "text": {
      "text": "There are different ways to implement networking in Kubernetes, but also three important requirements:",
      "style": "Paragraph",
      "marks": {
       "marks": [
       ]
      },
      "checked": false,
      "color": "",
      "iconEmoji": "",
      "iconImage": ""
     }
    },
    {
     "id": "6667652da2d36e0c8087f149",
     "fields": null,
     "restrictions": null,
     "childrenIds": [
     ],
     "backgroundColor": "",
     "align": "AlignLeft",
     "verticalAlign": "VerticalAlignTop",
     "text": {
      "text": "All pods can communicate with each other across nodes.",
      "style": "Marked",
      "marks": {
       "marks": [
       ]
      },
      "checked": false,
      "color": "",
      "iconEmoji": "",
      "iconImage": ""
     }
    },
    {
     "id": "6667652da2d36e0c8087f14a",
     "fields": null,
     "restrictions": null,
     "childrenIds": [
     ],
     "backgroundColor": "",
     "align": "AlignLeft",
     "verticalAlign": "VerticalAlignTop",
     "text": {
      "text": "All nodes can communicate with all pods.",
      "style": "Marked",
      "marks": {
       "marks": [
       ]
      },
      "checked": false,
      "color": "",
      "iconEmoji": "",
      "iconImage": ""
     }
    },
    {
     "id": "6667652da2d36e0c8087f14b",
     "fields": null,
     "restrictions": null,
     "childrenIds": [
     ],
     "backgroundColor": "",
     "align": "AlignLeft",
     "verticalAlign": "VerticalAlignTop",
     "text": {
      "text": "No Network Address Translation (NAT).",
      "style": "Marked",
      "marks": {
       "marks": [
       ]
      },
      "checked": false,
      "color": "",
      "iconEmoji": "",
      "iconImage": ""
     }
    },
    {
     "id": "6667654fa2d36e0c8087f152",
     "fields": null,
     "restrictions": null,
     "childrenIds": [
     ],
     "backgroundColor": "",
     "align": "AlignLeft",
     "verticalAlign": "VerticalAlignTop",
     "text": {
      "text": "In Kubernetes, every Pod gets its own IP address, so there is no manual configuration involved. Moreover, most Kubernetes setups include a DNS server add-on called core-dns, which can provide service discovery and name resolution inside the cluster.",
      "style": "Paragraph",
      "marks": {
       "marks": [
        {
         "range": {
          "from": 15,
          "to": 48
         },
         "type": "Bold",
         "param": ""
        },
        {
         "range": {
          "from": 111,
          "to": 172
         },
         "type": "Bold",
         "param": ""
        },
        {
         "range": {
          "from": 15,
          "to": 48
         },
         "type": "Underscored",
         "param": ""
        },
        {
         "range": {
          "from": 164,
          "to": 172
         },
         "type": "Underscored",
         "param": ""
        },
        {
         "range": {
          "from": 164,
          "to": 172
         },
         "type": "Link",
         "param": "https://kubernetes.io/docs/tasks/administer-cluster/coredns/"
        },
        {
         "range": {
          "from": 15,
          "to": 48
         },
         "type": "TextColor",
         "param": "red"
        },
        {
         "range": {
          "from": 111,
          "to": 172
         },
         "type": "TextColor",
         "param": "red"
        }
       ]
      },
      "checked": false,
      "color": "",
      "iconEmoji": "",
      "iconImage": ""
     }
    },
    {
     "id": "6667663aa2d36e0c8087f159",
     "fields": null,
     "restrictions": null,
     "childrenIds": [
     ],
     "backgroundColor": "",
     "align": "AlignLeft",
     "verticalAlign": "VerticalAlignTop",
     "text": {
      "text": "Every pod can communicate with other pods on the Kubernetes cluster, however if you want to control the traffic flow at the IP address or port level, then you have to use Network Policies.",
      "style": "Paragraph",
      "marks": {
       "marks": [
       ]
      },
      "checked": false,
      "color": "",
      "iconEmoji": "",
      "iconImage": ""
     }
    },
    {
     "id": "66676640a2d36e0c8087f15b",
     "fields": null,
     "restrictions": null,
     "childrenIds": [
     ],
     "backgroundColor": "",
     "align": "AlignLeft",
     "verticalAlign": "VerticalAlignTop",
     "text": {
      "text": "",
      "style": "Paragraph",
      "marks": {
       "marks": [
       ]
      },
      "checked": false,
      "color": "",
      "iconEmoji": "",
      "iconImage": ""
     }
    },
    {
     "id": "6665ab1aa2d36e05f01607ad",
     "fields": null,
     "restrictions": {
      "read": false,
      "edit": false,
      "remove": false,
      "drag": false,
      "dropOn": false
     },
     "childrenIds": [
     ],
     "backgroundColor": "",
     "align": "AlignLeft",
     "verticalAlign": "VerticalAlignTop",
     "text": {
      "text": "Scheduling",
      "style": "Header2",
      "marks": {
       "marks": [
        {
         "range": {
          "from": 0,
          "to": 10
         },
         "type": "Underscored",
         "param": ""
        }
       ]
      },
      "checked": false,
      "color": "",
      "iconEmoji": "",
      "iconImage": ""
     }
    },
    {
     "id": "66676656a2d36e0c8087f161",
     "fields": null,
     "restrictions": null,
     "childrenIds": [
     ],
     "backgroundColor": "",
     "align": "AlignLeft",
     "verticalAlign": "VerticalAlignTop",
     "text": {
      "text": "Describes the process of automatically choosing the right (worker) node to run a containerized workload on.",
      "style": "Paragraph",
      "marks": {
       "marks": [
       ]
      },
      "checked": false,
      "color": "",
      "iconEmoji": "",
      "iconImage": ""
     }
    },
    {
     "id": "66676674a2d36e0c8087f167",
     "fields": null,
     "restrictions": null,
     "childrenIds": [
     ],
     "backgroundColor": "",
     "align": "AlignLeft",
     "verticalAlign": "VerticalAlignTop",
     "text": {
      "text": "The kube-scheduler is the component that makes the scheduling decision, but is not responsible for actually starting the workload (it will get started by kubelet and container runtime). The scheduling process in Kubernetes always starts when a new Pod object is created.",
      "style": "Paragraph",
      "marks": {
       "marks": [
       ]
      },
      "checked": false,
      "color": "",
      "iconEmoji": "",
      "iconImage": ""
     }
    },
    {
     "id": "6665a1b9a2d36e05f01606b2",
     "fields": {
      },
     "restrictions": null,
     "childrenIds": [
     ],
     "backgroundColor": "",
     "align": "AlignLeft",
     "verticalAlign": "VerticalAlignTop"
    }
   ],
   "details": {
     "backlinks": [
        "bafyreibmnn622g6th3ihh5q5lnkxsefw7y47t5whhean57mvjk3ux7la5e"
       ],
     "coverId": "sky",
     "coverScale": 0,
     "coverType": 3,
     "coverX": 0,
     "coverY": 0,
     "createdDate": 1717939160,
     "creator": "_participant_bafyreib5epdcggbj3lypetjrry4fhk5hucwpol4q3zhyhsnu6zliih2pha_ofy6cn5utfaz_A5ryJu1aBASRCoTHxHpucFGZCvDJuMYqBvneEWsrVC54cDEB",
     "featuredRelations": [
        "type",
        "backlinks"
       ],
     "iconEmoji": "",
     "iconImage": "bafyreie7wgyrz3ysfsphfj7ohdddddwq2w3dgzfozfzll53kz5mm4syauy",
     "id": "bafyreicaw7lbqucgiuclrh5qeexnkk5bxoqn2yboa4am2djfulkbys2raq",
     "lastModifiedBy": "_participant_bafyreib5epdcggbj3lypetjrry4fhk5hucwpol4q3zhyhsnu6zliih2pha_ofy6cn5utfaz_A5ryJu1aBASRCoTHxHpucFGZCvDJuMYqBvneEWsrVC54cDEB",
     "lastModifiedDate": 1718052635,
     "lastOpenedDate": 1733849591,
     "layout": 0,
     "links": [
       ],
     "mentions": [
       ],
     "name": "04. Kubernetes Fundamentals",
     "restrictions": [
       ],
     "snippet": "Kubernetes Architecture\nKubernetes clusters consist of two different server node types that make up a cluster:\nControl plane node(s)\nThese are the brains of the operation. Control plane nodes contain various components which manage the cluster and control various tasks like deployment, scheduling …",
     "sourceObject": "bafyreiax5it6zsrs3iliti2vah42upfx626amwo7whoinoo6tmh6cjidya",
     "spaceId": "bafyreib5epdcggbj3lypetjrry4fhk5hucwpol4q3zhyhsnu6zliih2pha.ofy6cn5utfaz",
     "syncDate": 1732176851,
     "syncError": 0,
     "syncStatus": 0,
     "type": "bafyreicnmrx53lp6kfrcb6df2aay3gkk7zseoz6xa6fixdzu2ra466jage"
    },
   "fileKeys": null,
   "extraRelations": [
   ],
   "objectTypes": [
    "ot-page"
   ],
   "collections": null,
   "removedCollectionKeys": [
   ],
   "relationLinks": [
    {
     "key": "id",
     "format": "object"
    },
    {
     "key": "name",
     "format": "shorttext"
    },
    {
     "key": "description",
     "format": "longtext"
    },
    {
     "key": "snippet",
     "format": "longtext"
    },
    {
     "key": "iconEmoji",
     "format": "emoji"
    },
    {
     "key": "iconImage",
     "format": "file"
    },
    {
     "key": "type",
     "format": "object"
    },
    {
     "key": "layout",
     "format": "number"
    },
    {
     "key": "layoutAlign",
     "format": "number"
    },
    {
     "key": "coverId",
     "format": "longtext"
    },
    {
     "key": "coverScale",
     "format": "number"
    },
    {
     "key": "coverType",
     "format": "number"
    },
    {
     "key": "coverX",
     "format": "number"
    },
    {
     "key": "coverY",
     "format": "number"
    },
    {
     "key": "createdDate",
     "format": "date"
    },
    {
     "key": "creator",
     "format": "object"
    },
    {
     "key": "lastModifiedDate",
     "format": "date"
    },
    {
     "key": "lastModifiedBy",
     "format": "object"
    },
    {
     "key": "lastOpenedDate",
     "format": "date"
    },
    {
     "key": "featuredRelations",
     "format": "object"
    },
    {
     "key": "isFavorite",
     "format": "checkbox"
    },
    {
     "key": "workspaceId",
     "format": "object"
    },
    {
     "key": "spaceId",
     "format": "object"
    },
    {
     "key": "links",
     "format": "object"
    },
    {
     "key": "internalFlags",
     "format": "number"
    },
    {
     "key": "restrictions",
     "format": "number"
    },
    {
     "key": "backlinks",
     "format": "object"
    },
    {
     "key": "sourceObject",
     "format": "object"
    },
    {
     "key": "isArchived",
     "format": "checkbox"
    },
    {
     "key": "syncDate",
     "format": "date"
    },
    {
     "key": "syncStatus",
     "format": "number"
    },
    {
     "key": "syncError",
     "format": "number"
    },
    {
     "key": "mentions",
     "format": "object"
    }
   ],
   "key": "",
   "originalCreatedTimestamp": "0",
   "fileInfo": null
  },
  "fileKeys": [
  ]
 }
}