{
 "sbType": "Page",
 "snapshot": {
  "logHeads": {
  },
  "data": {
   "blocks": [
    {
     "id": "bafyreibmnn622g6th3ihh5q5lnkxsefw7y47t5whhean57mvjk3ux7la5e",
     "fields": {
       "width": 0.5
      },
     "restrictions": {
      "read": false,
      "edit": false,
      "remove": false,
      "drag": false,
      "dropOn": false
     },
     "childrenIds": [
      "header",
      "div-66659a82a2d36e05f0160696",
      "6665afa9a2d36e05f01607cf",
      "6665afdda2d36e05f01607d1",
      "6665b09da2d36e05f01607d3",
      "6665b0b0a2d36e05f01607d5",
      "6665b0bba2d36e05f01607d7",
      "6665b0c1a2d36e05f01607d9"
     ],
     "backgroundColor": "",
     "align": "AlignLeft",
     "verticalAlign": "VerticalAlignTop",
     "smartblock": {

     }
    },
    {
     "id": "header",
     "fields": null,
     "restrictions": {
      "read": false,
      "edit": true,
      "remove": true,
      "drag": true,
      "dropOn": true
     },
     "childrenIds": [
      "title",
      "featuredRelations"
     ],
     "backgroundColor": "",
     "align": "AlignLeft",
     "verticalAlign": "VerticalAlignTop",
     "layout": {
      "style": "Header"
     }
    },
    {
     "id": "div-66659a82a2d36e05f0160696",
     "fields": null,
     "restrictions": {
      "read": false,
      "edit": false,
      "remove": false,
      "drag": false,
      "dropOn": false
     },
     "childrenIds": [
      "div-60f5c8ab6cabea22ef364e96"
     ],
     "backgroundColor": "",
     "align": "AlignLeft",
     "verticalAlign": "VerticalAlignTop",
     "layout": {
      "style": "Div"
     }
    },
    {
     "id": "6665afa9a2d36e05f01607cf",
     "fields": null,
     "restrictions": null,
     "childrenIds": [
     ],
     "backgroundColor": "",
     "align": "AlignLeft",
     "verticalAlign": "VerticalAlignTop",
     "link": {
      "targetBlockId": "bafyreia4r3cutd2pq4c23c7z4okskbejv2vomvdee3cogsm4jzj7bvg3qa",
      "style": "Page",
      "fields": null,
      "iconSize": "SizeMedium",
      "cardStyle": "Card",
      "description": "None",
      "relations": [
      ]
     }
    },
    {
     "id": "6665afdda2d36e05f01607d1",
     "fields": null,
     "restrictions": null,
     "childrenIds": [
     ],
     "backgroundColor": "",
     "align": "AlignLeft",
     "verticalAlign": "VerticalAlignTop",
     "link": {
      "targetBlockId": "bafyreiax5it6zsrs3iliti2vah42upfx626amwo7whoinoo6tmh6cjidya",
      "style": "Page",
      "fields": null,
      "iconSize": "SizeMedium",
      "cardStyle": "Card",
      "description": "None",
      "relations": [
      ]
     }
    },
    {
     "id": "6665b09da2d36e05f01607d3",
     "fields": null,
     "restrictions": null,
     "childrenIds": [
     ],
     "backgroundColor": "",
     "align": "AlignLeft",
     "verticalAlign": "VerticalAlignTop",
     "link": {
      "targetBlockId": "bafyreicaw7lbqucgiuclrh5qeexnkk5bxoqn2yboa4am2djfulkbys2raq",
      "style": "Page",
      "fields": null,
      "iconSize": "SizeMedium",
      "cardStyle": "Card",
      "description": "None",
      "relations": [
      ]
     }
    },
    {
     "id": "6665b0b0a2d36e05f01607d5",
     "fields": null,
     "restrictions": null,
     "childrenIds": [
     ],
     "backgroundColor": "",
     "align": "AlignLeft",
     "verticalAlign": "VerticalAlignTop",
     "link": {
      "targetBlockId": "bafyreifbm7hdu4eelz4cz6w6x6md46ibcp2acxw75wzh5lpf7tmtkntimy",
      "style": "Page",
      "fields": null,
      "iconSize": "SizeMedium",
      "cardStyle": "Card",
      "description": "None",
      "relations": [
      ]
     }
    },
    {
     "id": "6665b0bba2d36e05f01607d7",
     "fields": null,
     "restrictions": null,
     "childrenIds": [
     ],
     "backgroundColor": "",
     "align": "AlignLeft",
     "verticalAlign": "VerticalAlignTop",
     "link": {
      "targetBlockId": "bafyreicimq33og4wnvqyyu7mxaxmenbnlw3y7xgq7i5v24glziosxhyh64",
      "style": "Page",
      "fields": null,
      "iconSize": "SizeMedium",
      "cardStyle": "Card",
      "description": "None",
      "relations": [
      ]
     }
    },
    {
     "id": "6665b0c1a2d36e05f01607d9",
     "fields": null,
     "restrictions": null,
     "childrenIds": [
     ],
     "backgroundColor": "",
     "align": "AlignLeft",
     "verticalAlign": "VerticalAlignTop",
     "link": {
      "targetBlockId": "bafyreibqrzav5ivjtmxphoycgeayvrfmrerppm5kprt52vo2vds4vvcsqe",
      "style": "Page",
      "fields": null,
      "iconSize": "SizeMedium",
      "cardStyle": "Card",
      "description": "None",
      "relations": [
      ]
     }
    },
    {
     "id": "title",
     "fields": {
       "_detailsKey": [
          "name",
          "done"
         ]
      },
     "restrictions": {
      "read": false,
      "edit": false,
      "remove": true,
      "drag": true,
      "dropOn": true
     },
     "childrenIds": [
     ],
     "backgroundColor": "",
     "align": "AlignLeft",
     "verticalAlign": "VerticalAlignTop",
     "text": {
      "text": "",
      "style": "Title",
      "marks": {
       "marks": [
       ]
      },
      "checked": false,
      "color": "",
      "iconEmoji": "",
      "iconImage": ""
     }
    },
    {
     "id": "featuredRelations",
     "fields": null,
     "restrictions": {
      "read": false,
      "edit": false,
      "remove": true,
      "drag": true,
      "dropOn": true
     },
     "childrenIds": [
     ],
     "backgroundColor": "",
     "align": "AlignLeft",
     "verticalAlign": "VerticalAlignTop",
     "featuredRelations": {

     }
    },
    {
     "id": "div-60f5c8ab6cabea22ef364e96",
     "fields": null,
     "restrictions": {
      "read": false,
      "edit": false,
      "remove": false,
      "drag": false,
      "dropOn": false
     },
     "childrenIds": [
      "60f09a0fd5877d31cde9f773",
      "6719108ea2d36e3650ad744f",
      "6665af33a2d36e05f01607cb"
     ],
     "backgroundColor": "",
     "align": "AlignLeft",
     "verticalAlign": "VerticalAlignTop",
     "layout": {
      "style": "Div"
     }
    },
    {
     "id": "60f09a0fd5877d31cde9f773",
     "fields": {
      },
     "restrictions": null,
     "childrenIds": [
     ],
     "backgroundColor": "",
     "align": "AlignLeft",
     "verticalAlign": "VerticalAlignTop",
     "div": {
      "style": "Line"
     }
    },
    {
     "id": "6719108ea2d36e3650ad744f",
     "fields": null,
     "restrictions": null,
     "childrenIds": [
     ],
     "backgroundColor": "",
     "align": "AlignLeft",
     "verticalAlign": "VerticalAlignTop",
     "link": {
      "targetBlockId": "bafyreibiqopme2lwtyr5xyt55ayrduqcxebr2vdixasav4vlncnir5bkta",
      "style": "Page",
      "fields": null,
      "iconSize": "SizeMedium",
      "cardStyle": "Card",
      "description": "None",
      "relations": [
      ]
     }
    },
    {
     "id": "6665af33a2d36e05f01607cb",
     "fields": null,
     "restrictions": null,
     "childrenIds": [
     ],
     "backgroundColor": "",
     "align": "AlignLeft",
     "verticalAlign": "VerticalAlignTop",
     "link": {
      "targetBlockId": "bafyreicnd5txekb5zqwmelarwqyrvexdk6qvqsiugsmqh6rc5iqpk6txza",
      "style": "Page",
      "fields": null,
      "iconSize": "SizeMedium",
      "cardStyle": "Card",
      "description": "None",
      "relations": [
      ]
     }
    }
   ],
   "details": {
     "backlinks": [
        "bafyreifwyqb7k3gokyiyhervjot23utepxcg7vkwwldqrscr2pek37zgpa"
       ],
     "coverId": "sky",
     "coverScale": 0,
     "coverType": 3,
     "coverX": 0,
     "coverY": 0,
     "createdDate": 1717927905,
     "creator": "_participant_bafyreib5epdcggbj3lypetjrry4fhk5hucwpol4q3zhyhsnu6zliih2pha_ofy6cn5utfaz_A5ryJu1aBASRCoTHxHpucFGZCvDJuMYqBvneEWsrVC54cDEB",
     "description": "",
     "featuredRelations": [
        "type",
        "backlinks"
       ],
     "iconEmoji": "",
     "iconImage": "bafyreie7wgyrz3ysfsphfj7ohdddddwq2w3dgzfozfzll53kz5mm4syauy",
     "id": "bafyreibmnn622g6th3ihh5q5lnkxsefw7y47t5whhean57mvjk3ux7la5e",
     "lastModifiedBy": "_participant_bafyreib5epdcggbj3lypetjrry4fhk5hucwpol4q3zhyhsnu6zliih2pha_ofy6cn5utfaz_A5ryJu1aBASRCoTHxHpucFGZCvDJuMYqBvneEWsrVC54cDEB",
     "lastModifiedDate": 1729695923,
     "lastOpenedDate": 1754906833,
     "layout": 0,
     "links": [
        "bafyreibiqopme2lwtyr5xyt55ayrduqcxebr2vdixasav4vlncnir5bkta",
        "bafyreicnd5txekb5zqwmelarwqyrvexdk6qvqsiugsmqh6rc5iqpk6txza",
        "bafyreia4r3cutd2pq4c23c7z4okskbejv2vomvdee3cogsm4jzj7bvg3qa",
        "bafyreiax5it6zsrs3iliti2vah42upfx626amwo7whoinoo6tmh6cjidya",
        "bafyreicaw7lbqucgiuclrh5qeexnkk5bxoqn2yboa4am2djfulkbys2raq",
        "bafyreifbm7hdu4eelz4cz6w6x6md46ibcp2acxw75wzh5lpf7tmtkntimy",
        "bafyreicimq33og4wnvqyyu7mxaxmenbnlw3y7xgq7i5v24glziosxhyh64",
        "bafyreibqrzav5ivjtmxphoycgeayvrfmrerppm5kprt52vo2vds4vvcsqe"
       ],
     "mentions": [
        "bafyreibiqopme2lwtyr5xyt55ayrduqcxebr2vdixasav4vlncnir5bkta",
        "bafyreicnd5txekb5zqwmelarwqyrvexdk6qvqsiugsmqh6rc5iqpk6txza",
        "bafyreia4r3cutd2pq4c23c7z4okskbejv2vomvdee3cogsm4jzj7bvg3qa",
        "bafyreiax5it6zsrs3iliti2vah42upfx626amwo7whoinoo6tmh6cjidya",
        "bafyreicaw7lbqucgiuclrh5qeexnkk5bxoqn2yboa4am2djfulkbys2raq",
        "bafyreifbm7hdu4eelz4cz6w6x6md46ibcp2acxw75wzh5lpf7tmtkntimy",
        "bafyreicimq33og4wnvqyyu7mxaxmenbnlw3y7xgq7i5v24glziosxhyh64",
        "bafyreibqrzav5ivjtmxphoycgeayvrfmrerppm5kprt52vo2vds4vvcsqe"
       ],
     "name": "Appunti corso KCNA-LFS250\n",
     "oldAnytypeID": "bafyreied5biwzt4jqshuhmhmknuu37kvsu4kafezcb5b5bcxf2jivdnntq",
     "restrictions": [
       ],
     "snippet": "",
     "sourceObject": "bafyreih7dayy4qzhzg324awkfid6s5jmhso6sbtyqth56gyv4dsrrhbeiu",
     "spaceId": "bafyreib5epdcggbj3lypetjrry4fhk5hucwpol4q3zhyhsnu6zliih2pha.ofy6cn5utfaz",
     "syncDate": 1732176854,
     "syncError": 0,
     "syncStatus": 0,
     "type": "bafyreicnmrx53lp6kfrcb6df2aay3gkk7zseoz6xa6fixdzu2ra466jage"
    },
   "fileKeys": null,
   "extraRelations": [
   ],
   "objectTypes": [
    "ot-page"
   ],
   "collections": null,
   "removedCollectionKeys": [
   ],
   "relationLinks": [
    {
     "key": "createdDate",
     "format": "date"
    },
    {
     "key": "creator",
     "format": "object"
    },
    {
     "key": "layout",
     "format": "number"
    },
    {
     "key": "targetObjectType",
     "format": "object"
    },
    {
     "key": "type",
     "format": "object"
    },
    {
     "key": "id",
     "format": "object"
    },
    {
     "key": "name",
     "format": "shorttext"
    },
    {
     "key": "description",
     "format": "longtext"
    },
    {
     "key": "iconEmoji",
     "format": "emoji"
    },
    {
     "key": "iconImage",
     "format": "file"
    },
    {
     "key": "layoutAlign",
     "format": "number"
    },
    {
     "key": "coverId",
     "format": "shorttext"
    },
    {
     "key": "coverScale",
     "format": "number"
    },
    {
     "key": "coverType",
     "format": "number"
    },
    {
     "key": "coverX",
     "format": "number"
    },
    {
     "key": "coverY",
     "format": "number"
    },
    {
     "key": "lastModifiedDate",
     "format": "date"
    },
    {
     "key": "lastModifiedBy",
     "format": "object"
    },
    {
     "key": "lastOpenedDate",
     "format": "date"
    },
    {
     "key": "featuredRelations",
     "format": "object"
    },
    {
     "key": "isHidden",
     "format": "checkbox"
    },
    {
     "key": "isArchived",
     "format": "checkbox"
    },
    {
     "key": "snippet",
     "format": "longtext"
    },
    {
     "key": "isFavorite",
     "format": "checkbox"
    },
    {
     "key": "sourceObject",
     "format": "object"
    },
    {
     "key": "workspaceId",
     "format": "object"
    },
    {
     "key": "links",
     "format": "object"
    },
    {
     "key": "internalFlags",
     "format": "number"
    },
    {
     "key": "restrictions",
     "format": "number"
    },
    {
     "key": "sourceFilePath",
     "format": "longtext"
    },
    {
     "key": "oldAnytypeID",
     "format": "longtext"
    },
    {
     "key": "backlinks",
     "format": "object"
    },
    {
     "key": "origin",
     "format": "number"
    },
    {
     "key": "templateIsBundled",
     "format": "checkbox"
    },
    {
     "key": "isReadonly",
     "format": "checkbox"
    },
    {
     "key": "spaceId",
     "format": "object"
    },
    {
     "key": "syncDate",
     "format": "date"
    },
    {
     "key": "syncStatus",
     "format": "number"
    },
    {
     "key": "syncError",
     "format": "number"
    },
    {
     "key": "mentions",
     "format": "object"
    }
   ],
   "key": "",
   "originalCreatedTimestamp": "0",
   "fileInfo": null
  },
  "fileKeys": [
  ]
 }
}