{
 "sbType": "Page",
 "snapshot": {
  "logHeads": {
  },
  "data": {
   "blocks": [
    {
     "id": "bafyreiax5it6zsrs3iliti2vah42upfx626amwo7whoinoo6tmh6cjidya",
     "fields": {
       "width": 0.5
      },
     "restrictions": {
      "read": false,
      "edit": false,
      "remove": false,
      "drag": false,
      "dropOn": false
     },
     "childrenIds": [
      "header",
      "div-6665b440a2d36e05f0160864",
      "div-6665b440a2d36e05f0160865",
      "div-66673ea5a2d36e0c8087ef42",
      "div-6667463aa2d36e0c8087efa5",
      "6667584ba2d36e0c8087effb",
      "66675873a2d36e0c8087f001",
      "666758b4a2d36e0c8087f00e",
      "6667594ca2d36e0c8087f024",
      "66675952a2d36e0c8087f02b",
      "66675956a2d36e0c8087f02f"
     ],
     "backgroundColor": "",
     "align": "AlignLeft",
     "verticalAlign": "VerticalAlignTop",
     "smartblock": {

     }
    },
    {
     "id": "header",
     "fields": null,
     "restrictions": {
      "read": false,
      "edit": true,
      "remove": true,
      "drag": true,
      "dropOn": true
     },
     "childrenIds": [
      "title",
      "featuredRelations"
     ],
     "backgroundColor": "",
     "align": "AlignLeft",
     "verticalAlign": "VerticalAlignTop",
     "layout": {
      "style": "Header"
     }
    },
    {
     "id": "div-6665b440a2d36e05f0160864",
     "fields": null,
     "restrictions": null,
     "childrenIds": [
      "div-6665a1b9a2d36e05f01606e4",
      "6665a380a2d36e05f01606f8",
      "6665b20aa2d36e05f01607f2",
      "6665b191a2d36e05f01607df",
      "6665b1c6a2d36e05f01607eb",
      "6665b438a2d36e05f016085f",
      "6665a3bea2d36e05f01606f9",
      "6665b24ba2d36e05f01607f9",
      "6665b27ba2d36e05f0160800",
      "6665b293a2d36e05f0160807",
      "6665b2f0a2d36e05f0160825",
      "6665b2f0a2d36e05f0160826",
      "6665b2f0a2d36e05f0160827",
      "6665b2f0a2d36e05f0160828",
      "6665b2f0a2d36e05f0160829",
      "6665b2f0a2d36e05f016082a",
      "6665b2f0a2d36e05f016082b",
      "6665b2f0a2d36e05f016082c",
      "6665b2f0a2d36e05f016082d"
     ],
     "backgroundColor": "",
     "align": "AlignLeft",
     "verticalAlign": "VerticalAlignTop",
     "layout": {
      "style": "Div"
     }
    },
    {
     "id": "div-6665b440a2d36e05f0160865",
     "fields": null,
     "restrictions": null,
     "childrenIds": [
      "6665b2d6a2d36e05f016080e",
      "6665b323a2d36e05f0160834",
      "6665b347a2d36e05f016083b",
      "6665b433a2d36e05f016085e",
      "6665a3d1a2d36e05f01606fe",
      "6665b3f3a2d36e05f0160857",
      "6665b38ba2d36e05f0160842",
      "6665b3e5a2d36e05f0160850",
      "6665b43da2d36e05f0160860",
      "6665aaf9a2d36e05f01607ab",
      "6665b6e3a2d36e05f016086e",
      "6665b6eca2d36e05f0160875",
      "6665b70da2d36e05f0160881",
      "6665b738a2d36e05f016088c",
      "6665b763a2d36e05f0160893",
      "6665b7c0a2d36e05f0160895",
      "6665ab13a2d36e05f01607ac",
      "66673ab2a2d36e0c8087ef08",
      "66673ad6a2d36e0c8087ef0f",
      "66673b26a2d36e0c8087ef15",
      "66673b28a2d36e0c8087ef17",
      "66673b4ea2d36e0c8087ef18"
     ],
     "backgroundColor": "",
     "align": "AlignLeft",
     "verticalAlign": "VerticalAlignTop",
     "layout": {
      "style": "Div"
     }
    },
    {
     "id": "div-66673ea5a2d36e0c8087ef42",
     "fields": null,
     "restrictions": null,
     "childrenIds": [
      "66673b51a2d36e0c8087ef19",
      "66673b53a2d36e0c8087ef1a",
      "66673b83a2d36e0c8087ef1b",
      "6665ab1aa2d36e05f01607ad",
      "66673e96a2d36e0c8087ef21",
      "66673e9fa2d36e0c8087ef28",
      "66673ea5a2d36e0c8087ef3a",
      "66673ea5a2d36e0c8087ef3b",
      "66673ea5a2d36e0c8087ef3c",
      "66673ea5a2d36e0c8087ef3d",
      "66673ea5a2d36e0c8087ef3e",
      "66673ea5a2d36e0c8087ef3f",
      "66673ea5a2d36e0c8087ef40",
      "66673ef2a2d36e0c8087ef48",
      "66673f1ba2d36e0c8087ef4a",
      "6665ab27a2d36e05f01607ae",
      "6667403fa2d36e0c8087ef50",
      "6667404da2d36e0c8087ef56",
      "66674064a2d36e0c8087ef5e",
      "666740a1a2d36e0c8087ef64"
     ],
     "backgroundColor": "",
     "align": "AlignLeft",
     "verticalAlign": "VerticalAlignTop",
     "layout": {
      "style": "Div"
     }
    },
    {
     "id": "div-6667463aa2d36e0c8087efa5",
     "fields": null,
     "restrictions": null,
     "childrenIds": [
      "666740aaa2d36e0c8087ef68",
      "666740cfa2d36e0c8087ef6a",
      "6665ab2da2d36e05f01607af",
      "66674118a2d36e0c8087ef77",
      "66674118a2d36e0c8087ef78",
      "66674118a2d36e0c8087ef79",
      "66674118a2d36e0c8087ef7a",
      "66674118a2d36e0c8087ef7b",
      "66674153a2d36e0c8087ef82",
      "66674196a2d36e0c8087ef89",
      "666741a1a2d36e0c8087ef8a",
      "666741c6a2d36e0c8087ef90",
      "66674202a2d36e0c8087ef96",
      "6665ab3ca2d36e05f01607b0",
      "666745faa2d36e0c8087ef9b",
      "66674613a2d36e0c8087efa2",
      "6667463aa2d36e0c8087efaa",
      "6667468da2d36e0c8087efbb",
      "666746c4a2d36e0c8087efbf",
      "6667472aa2d36e0c8087efc5",
      "66674737a2d36e0c8087efcc",
      "66674757a2d36e0c8087efd3",
      "66674799a2d36e0c8087efdc",
      "66674799a2d36e0c8087efdd",
      "666747ada2d36e0c8087efdf",
      "6665ab42a2d36e05f01607b1",
      "66675804a2d36e0c8087efe4",
      "66675826a2d36e0c8087efeb",
      "6667583da2d36e0c8087eff7"
     ],
     "backgroundColor": "",
     "align": "AlignLeft",
     "verticalAlign": "VerticalAlignTop",
     "layout": {
      "style": "Div"
     }
    },
    {
     "id": "6667584ba2d36e0c8087effb",
     "fields": {
       "width": 0.45376344751855613
      },
     "restrictions": null,
     "childrenIds": [
     ],
     "backgroundColor": "",
     "align": "AlignLeft",
     "verticalAlign": "VerticalAlignTop",
     "file": {
      "hash": "",
      "name": "image.png",
      "type": "Image",
      "mime": "image/png",
      "size": "103379",
      "addedAt": "0",
      "targetObjectId": "bafyreib4ia4t4c72xga5nwryszkwa3mt2caj7ahqlrom3ve5knebava2nm",
      "state": "Done",
      "style": "Embed"
     }
    },
    {
     "id": "66675873a2d36e0c8087f001",
     "fields": null,
     "restrictions": null,
     "childrenIds": [
     ],
     "backgroundColor": "",
     "align": "AlignLeft",
     "verticalAlign": "VerticalAlignTop",
     "text": {
      "text": "The problem here is that this read-write layer is lost when the container is stopped or deleted.",
      "style": "Paragraph",
      "marks": {
       "marks": [
        {
         "range": {
          "from": 25,
          "to": 95
         },
         "type": "Bold",
         "param": ""
        },
        {
         "range": {
          "from": 25,
          "to": 95
         },
         "type": "Underscored",
         "param": ""
        }
       ]
      },
      "checked": false,
      "color": "",
      "iconEmoji": "",
      "iconImage": ""
     }
    },
    {
     "id": "666758b4a2d36e0c8087f00e",
     "fields": null,
     "restrictions": null,
     "childrenIds": [
     ],
     "backgroundColor": "",
     "align": "AlignLeft",
     "verticalAlign": "VerticalAlignTop",
     "text": {
      "text": "If a container needs to persist data on a host, a volume can be used to achieve that: instead of isolating the whole filesystem of a process, directories that reside on the host are passed through into the container filesystem, this weakens the isolation of the container, giving access to the host filesystem.",
      "style": "Paragraph",
      "marks": {
       "marks": [
        {
         "range": {
          "from": 50,
          "to": 56
         },
         "type": "Italic",
         "param": ""
        },
        {
         "range": {
          "from": 228,
          "to": 309
         },
         "type": "Italic",
         "param": ""
        },
        {
         "range": {
          "from": 50,
          "to": 56
         },
         "type": "Bold",
         "param": ""
        },
        {
         "range": {
          "from": 228,
          "to": 309
         },
         "type": "Bold",
         "param": ""
        },
        {
         "range": {
          "from": 50,
          "to": 56
         },
         "type": "Underscored",
         "param": ""
        },
        {
         "range": {
          "from": 228,
          "to": 309
         },
         "type": "Underscored",
         "param": ""
        },
        {
         "range": {
          "from": 50,
          "to": 56
         },
         "type": "TextColor",
         "param": "red"
        },
        {
         "range": {
          "from": 228,
          "to": 309
         },
         "type": "TextColor",
         "param": "red"
        }
       ]
      },
      "checked": false,
      "color": "",
      "iconEmoji": "",
      "iconImage": ""
     }
    },
    {
     "id": "6667594ca2d36e0c8087f024",
     "fields": null,
     "restrictions": null,
     "childrenIds": [
     ],
     "backgroundColor": "",
     "align": "AlignLeft",
     "verticalAlign": "VerticalAlignTop",
     "text": {
      "text": "Often, data needs to be accessed by multiple containers that are started on different host systems or when a container gets started on a different host it still should have access to its volume.",
      "style": "Paragraph",
      "marks": {
       "marks": [
       ]
      },
      "checked": false,
      "color": "",
      "iconEmoji": "",
      "iconImage": ""
     }
    },
    {
     "id": "66675952a2d36e0c8087f02b",
     "fields": null,
     "restrictions": null,
     "childrenIds": [
     ],
     "backgroundColor": "",
     "align": "AlignLeft",
     "verticalAlign": "VerticalAlignTop",
     "text": {
      "text": "Container orchestration systems like Kubernetes can help to mitigate these problems, but always require a robust storage system that is attached to the host servers.",
      "style": "Paragraph",
      "marks": {
       "marks": [
       ]
      },
      "checked": false,
      "color": "",
      "iconEmoji": "",
      "iconImage": ""
     }
    },
    {
     "id": "66675956a2d36e0c8087f02f",
     "fields": {
       "width": 0.6387055292728638
      },
     "restrictions": null,
     "childrenIds": [
     ],
     "backgroundColor": "",
     "align": "AlignLeft",
     "verticalAlign": "VerticalAlignTop",
     "file": {
      "hash": "",
      "name": "image.png",
      "type": "Image",
      "mime": "image/png",
      "size": "271872",
      "addedAt": "0",
      "targetObjectId": "bafyreihbkne7epzyjzmehuf5rwhunpvbua4lvhnfpa46xejenge6jk5d4e",
      "state": "Done",
      "style": "Embed"
     }
    },
    {
     "id": "title",
     "fields": {
       "_detailsKey": [
          "name",
          "done"
         ]
      },
     "restrictions": {
      "read": false,
      "edit": false,
      "remove": true,
      "drag": true,
      "dropOn": true
     },
     "childrenIds": [
     ],
     "backgroundColor": "",
     "align": "AlignLeft",
     "verticalAlign": "VerticalAlignTop",
     "text": {
      "text": "",
      "style": "Title",
      "marks": {
       "marks": [
       ]
      },
      "checked": false,
      "color": "",
      "iconEmoji": "",
      "iconImage": ""
     }
    },
    {
     "id": "featuredRelations",
     "fields": null,
     "restrictions": {
      "read": false,
      "edit": false,
      "remove": true,
      "drag": true,
      "dropOn": true
     },
     "childrenIds": [
     ],
     "backgroundColor": "",
     "align": "AlignLeft",
     "verticalAlign": "VerticalAlignTop",
     "featuredRelations": {

     }
    },
    {
     "id": "div-6665a1b9a2d36e05f01606e4",
     "fields": null,
     "restrictions": null,
     "childrenIds": [
      "6665a1b9a2d36e05f01606b2"
     ],
     "backgroundColor": "",
     "align": "AlignLeft",
     "verticalAlign": "VerticalAlignTop",
     "layout": {
      "style": "Div"
     }
    },
    {
     "id": "6665a380a2d36e05f01606f8",
     "fields": null,
     "restrictions": null,
     "childrenIds": [
     ],
     "backgroundColor": "",
     "align": "AlignLeft",
     "verticalAlign": "VerticalAlignTop",
     "text": {
      "text": "Use of Containers",
      "style": "Header2",
      "marks": {
       "marks": [
        {
         "range": {
          "from": 0,
          "to": 17
         },
         "type": "Underscored",
         "param": ""
        }
       ]
      },
      "checked": false,
      "color": "",
      "iconEmoji": "",
      "iconImage": ""
     }
    },
    {
     "id": "6665b20aa2d36e05f01607f2",
     "fields": null,
     "restrictions": null,
     "childrenIds": [
     ],
     "backgroundColor": "",
     "align": "AlignLeft",
     "verticalAlign": "VerticalAlignTop",
     "text": {
      "text": "While the developer knows his application and its dependencies best, it is usually a system administrator who provides the infrastructure, installs all of the dependencies, and configures the system on which the application runs. This process can be very error-prone and hard to maintain, so servers are only configured for a single purpose like running a database or an application server and then get connected by network.",
      "style": "Paragraph",
      "marks": {
       "marks": [
       ]
      },
      "checked": false,
      "color": "",
      "iconEmoji": "",
      "iconImage": ""
     }
    },
    {
     "id": "6665b191a2d36e05f01607df",
     "fields": null,
     "restrictions": null,
     "childrenIds": [
     ],
     "backgroundColor": "",
     "align": "AlignLeft",
     "verticalAlign": "VerticalAlignTop",
     "text": {
      "text": "Virtual machines can be used to emulate a full server with cpu, memory, storage, networking, operating system and the software on top. This allows running multiple isolated servers on the same hardware. But since you have to run a whole operating system including the kernel, it always comes with some overhead if you need to run a lot of servers.",
      "style": "Paragraph",
      "marks": {
       "marks": [
        {
         "range": {
          "from": 276,
          "to": 310
         },
         "type": "Italic",
         "param": ""
        },
        {
         "range": {
          "from": 276,
          "to": 310
         },
         "type": "Bold",
         "param": ""
        }
       ]
      },
      "checked": false,
      "color": "",
      "iconEmoji": "",
      "iconImage": ""
     }
    },
    {
     "id": "6665b1c6a2d36e05f01607eb",
     "fields": null,
     "restrictions": null,
     "childrenIds": [
     ],
     "backgroundColor": "",
     "align": "AlignLeft",
     "verticalAlign": "VerticalAlignTop",
     "text": {
      "text": "Containers can be used to solve both of these problems, managing the dependencies of an application and running much more efficiently than spinning up a lot of virtual machines.",
      "style": "Paragraph",
      "marks": {
       "marks": [
        {
         "range": {
          "from": 0,
          "to": 177
         },
         "type": "Italic",
         "param": ""
        },
        {
         "range": {
          "from": 0,
          "to": 177
         },
         "type": "Bold",
         "param": ""
        }
       ]
      },
      "checked": false,
      "color": "",
      "iconEmoji": "",
      "iconImage": ""
     }
    },
    {
     "id": "6665b438a2d36e05f016085f",
     "fields": null,
     "restrictions": null,
     "childrenIds": [
     ],
     "backgroundColor": "",
     "align": "AlignLeft",
     "verticalAlign": "VerticalAlignTop",
     "text": {
      "text": "",
      "style": "Paragraph",
      "marks": {
       "marks": [
       ]
      },
      "checked": false,
      "color": "",
      "iconEmoji": "",
      "iconImage": ""
     }
    },
    {
     "id": "6665a3bea2d36e05f01606f9",
     "fields": null,
     "restrictions": null,
     "childrenIds": [
     ],
     "backgroundColor": "",
     "align": "AlignLeft",
     "verticalAlign": "VerticalAlignTop",
     "text": {
      "text": "Container Basics",
      "style": "Header2",
      "marks": {
       "marks": [
        {
         "range": {
          "from": 0,
          "to": 16
         },
         "type": "Underscored",
         "param": ""
        }
       ]
      },
      "checked": false,
      "color": "",
      "iconEmoji": "",
      "iconImage": ""
     }
    },
    {
     "id": "6665b24ba2d36e05f01607f9",
     "fields": null,
     "restrictions": null,
     "childrenIds": [
     ],
     "backgroundColor": "",
     "align": "AlignLeft",
     "verticalAlign": "VerticalAlignTop",
     "text": {
      "text": "Contrary to popular belief, container technologies are much older than one would expect. One of the earliest ancestors of modern container technologies is the chroot command that was introduced in Version 7 Unix in 1979. The chroot command could be used to isolate a process from the root filesystem and basically \"hide\" the files from the process and simulate a new root directory. The isolated environment is a so-called chroot jail, where the files can’t be accessed by the process, but are still present on the system.",
      "style": "Paragraph",
      "marks": {
       "marks": [
        {
         "range": {
          "from": 159,
          "to": 165
         },
         "type": "Bold",
         "param": ""
        },
        {
         "range": {
          "from": 225,
          "to": 231
         },
         "type": "Bold",
         "param": ""
        },
        {
         "range": {
          "from": 423,
          "to": 434
         },
         "type": "Italic",
         "param": ""
        }
       ]
      },
      "checked": false,
      "color": "",
      "iconEmoji": "",
      "iconImage": ""
     }
    },
    {
     "id": "6665b27ba2d36e05f0160800",
     "fields": null,
     "restrictions": null,
     "childrenIds": [
     ],
     "backgroundColor": "",
     "align": "AlignLeft",
     "verticalAlign": "VerticalAlignTop",
     "text": {
      "text": "To isolate a process even more than chroot can do, current Linux kernels provide features like namespaces and cgroups.",
      "style": "Paragraph",
      "marks": {
       "marks": [
        {
         "range": {
          "from": 95,
          "to": 105
         },
         "type": "Italic",
         "param": ""
        },
        {
         "range": {
          "from": 0,
          "to": 118
         },
         "type": "Bold",
         "param": ""
        }
       ]
      },
      "checked": false,
      "color": "",
      "iconEmoji": "",
      "iconImage": ""
     }
    },
    {
     "id": "6665b293a2d36e05f0160807",
     "fields": null,
     "restrictions": null,
     "childrenIds": [
     ],
     "backgroundColor": "",
     "align": "AlignLeft",
     "verticalAlign": "VerticalAlignTop",
     "text": {
      "text": "Namespaces are used to isolate various resources, for example the network. A network namespace can be used to provide a complete abstraction of network interfaces and routing tables.",
      "style": "Paragraph",
      "marks": {
       "marks": [
        {
         "range": {
          "from": 0,
          "to": 10
         },
         "type": "Bold",
         "param": ""
        },
        {
         "range": {
          "from": 0,
          "to": 10
         },
         "type": "Underscored",
         "param": ""
        }
       ]
      },
      "checked": false,
      "color": "",
      "iconEmoji": "",
      "iconImage": ""
     }
    },
    {
     "id": "6665b2f0a2d36e05f0160825",
     "fields": null,
     "restrictions": null,
     "childrenIds": [
     ],
     "backgroundColor": "",
     "align": "AlignLeft",
     "verticalAlign": "VerticalAlignTop",
     "text": {
      "text": "The Linux Kernel 5.6 currently provides 8 namespaces:",
      "style": "Paragraph",
      "marks": {
       "marks": [
       ]
      },
      "checked": false,
      "color": "",
      "iconEmoji": "",
      "iconImage": ""
     }
    },
    {
     "id": "6665b2f0a2d36e05f0160826",
     "fields": null,
     "restrictions": null,
     "childrenIds": [
     ],
     "backgroundColor": "",
     "align": "AlignLeft",
     "verticalAlign": "VerticalAlignTop",
     "text": {
      "text": "pid - process ID provides a process with its own set of process IDs.",
      "style": "Marked",
      "marks": {
       "marks": [
        {
         "range": {
          "from": 0,
          "to": 3
         },
         "type": "Bold",
         "param": ""
        }
       ]
      },
      "checked": false,
      "color": "",
      "iconEmoji": "",
      "iconImage": ""
     }
    },
    {
     "id": "6665b2f0a2d36e05f0160827",
     "fields": null,
     "restrictions": null,
     "childrenIds": [
     ],
     "backgroundColor": "",
     "align": "AlignLeft",
     "verticalAlign": "VerticalAlignTop",
     "text": {
      "text": "net - network allows the processes to have their own network stack, including the IP address.",
      "style": "Marked",
      "marks": {
       "marks": [
        {
         "range": {
          "from": 0,
          "to": 3
         },
         "type": "Bold",
         "param": ""
        }
       ]
      },
      "checked": false,
      "color": "",
      "iconEmoji": "",
      "iconImage": ""
     }
    },
    {
     "id": "6665b2f0a2d36e05f0160828",
     "fields": null,
     "restrictions": null,
     "childrenIds": [
     ],
     "backgroundColor": "",
     "align": "AlignLeft",
     "verticalAlign": "VerticalAlignTop",
     "text": {
      "text": "mnt - mount abstracts the filesystem view and manages mount points.",
      "style": "Marked",
      "marks": {
       "marks": [
        {
         "range": {
          "from": 0,
          "to": 3
         },
         "type": "Bold",
         "param": ""
        }
       ]
      },
      "checked": false,
      "color": "",
      "iconEmoji": "",
      "iconImage": ""
     }
    },
    {
     "id": "6665b2f0a2d36e05f0160829",
     "fields": null,
     "restrictions": null,
     "childrenIds": [
     ],
     "backgroundColor": "",
     "align": "AlignLeft",
     "verticalAlign": "VerticalAlignTop",
     "text": {
      "text": "ipc - inter-process communication provides separation of named shared memory segments.",
      "style": "Marked",
      "marks": {
       "marks": [
        {
         "range": {
          "from": 0,
          "to": 3
         },
         "type": "Bold",
         "param": ""
        }
       ]
      },
      "checked": false,
      "color": "",
      "iconEmoji": "",
      "iconImage": ""
     }
    },
    {
     "id": "6665b2f0a2d36e05f016082a",
     "fields": null,
     "restrictions": null,
     "childrenIds": [
     ],
     "backgroundColor": "",
     "align": "AlignLeft",
     "verticalAlign": "VerticalAlignTop",
     "text": {
      "text": "user - provides process with their own set of user IDs and group IDs.",
      "style": "Marked",
      "marks": {
       "marks": [
        {
         "range": {
          "from": 0,
          "to": 4
         },
         "type": "Bold",
         "param": ""
        }
       ]
      },
      "checked": false,
      "color": "",
      "iconEmoji": "",
      "iconImage": ""
     }
    },
    {
     "id": "6665b2f0a2d36e05f016082b",
     "fields": null,
     "restrictions": null,
     "childrenIds": [
     ],
     "backgroundColor": "",
     "align": "AlignLeft",
     "verticalAlign": "VerticalAlignTop",
     "text": {
      "text": "uts - Unix time sharing allows processes to have their own hostname and domain name.",
      "style": "Marked",
      "marks": {
       "marks": [
        {
         "range": {
          "from": 0,
          "to": 3
         },
         "type": "Bold",
         "param": ""
        }
       ]
      },
      "checked": false,
      "color": "",
      "iconEmoji": "",
      "iconImage": ""
     }
    },
    {
     "id": "6665b2f0a2d36e05f016082c",
     "fields": null,
     "restrictions": null,
     "childrenIds": [
     ],
     "backgroundColor": "",
     "align": "AlignLeft",
     "verticalAlign": "VerticalAlignTop",
     "text": {
      "text": "cgroup - a newer namespace that allows a process to have its own set of cgroup root directories.",
      "style": "Marked",
      "marks": {
       "marks": [
        {
         "range": {
          "from": 0,
          "to": 6
         },
         "type": "Bold",
         "param": ""
        }
       ]
      },
      "checked": false,
      "color": "",
      "iconEmoji": "",
      "iconImage": ""
     }
    },
    {
     "id": "6665b2f0a2d36e05f016082d",
     "fields": null,
     "restrictions": null,
     "childrenIds": [
     ],
     "backgroundColor": "",
     "align": "AlignLeft",
     "verticalAlign": "VerticalAlignTop",
     "text": {
      "text": "time - the newest namespace can be used to virtualize the clock of the system.",
      "style": "Marked",
      "marks": {
       "marks": [
        {
         "range": {
          "from": 0,
          "to": 4
         },
         "type": "Bold",
         "param": ""
        }
       ]
      },
      "checked": false,
      "color": "",
      "iconEmoji": "",
      "iconImage": ""
     }
    },
    {
     "id": "6665b2d6a2d36e05f016080e",
     "fields": null,
     "restrictions": null,
     "childrenIds": [
     ],
     "backgroundColor": "",
     "align": "AlignLeft",
     "verticalAlign": "VerticalAlignTop",
     "text": {
      "text": "cgroups are used to organize processes in hierarchical groups and assign them resources like memory and CPU.",
      "style": "Paragraph",
      "marks": {
       "marks": [
        {
         "range": {
          "from": 0,
          "to": 7
         },
         "type": "Bold",
         "param": ""
        },
        {
         "range": {
          "from": 0,
          "to": 7
         },
         "type": "Underscored",
         "param": ""
        }
       ]
      },
      "checked": false,
      "color": "",
      "iconEmoji": "",
      "iconImage": ""
     }
    },
    {
     "id": "6665b323a2d36e05f0160834",
     "fields": null,
     "restrictions": null,
     "childrenIds": [
     ],
     "backgroundColor": "",
     "align": "AlignLeft",
     "verticalAlign": "VerticalAlignTop",
     "text": {
      "text": "While virtual machines emulate a complete machine, including the operating system and a kernel, containers share the kernel of the host machine and, as explained, are only isolated processes.",
      "style": "Paragraph",
      "marks": {
       "marks": [
        {
         "range": {
          "from": 0,
          "to": 191
         },
         "type": "Italic",
         "param": ""
        },
        {
         "range": {
          "from": 0,
          "to": 191
         },
         "type": "Bold",
         "param": ""
        },
        {
         "range": {
          "from": 0,
          "to": 191
         },
         "type": "Underscored",
         "param": ""
        },
        {
         "range": {
          "from": 0,
          "to": 191
         },
         "type": "TextColor",
         "param": "red"
        }
       ]
      },
      "checked": false,
      "color": "",
      "iconEmoji": "",
      "iconImage": ""
     }
    },
    {
     "id": "6665b347a2d36e05f016083b",
     "fields": null,
     "restrictions": null,
     "childrenIds": [
     ],
     "backgroundColor": "",
     "align": "AlignLeft",
     "verticalAlign": "VerticalAlignTop",
     "text": {
      "text": "Virtual machines come with some overhead, be it boot time, size or resource usage to run the operating system. Containers on the other hand are literally processes, like the browser you can start on your machine, therefore they start a lot faster and have a smaller footprint.",
      "style": "Paragraph",
      "marks": {
       "marks": [
        {
         "range": {
          "from": 111,
          "to": 163
         },
         "type": "Italic",
         "param": ""
        },
        {
         "range": {
          "from": 111,
          "to": 163
         },
         "type": "Bold",
         "param": ""
        },
        {
         "range": {
          "from": 111,
          "to": 163
         },
         "type": "Underscored",
         "param": ""
        },
        {
         "range": {
          "from": 111,
          "to": 163
         },
         "type": "TextColor",
         "param": "red"
        }
       ]
      },
      "checked": false,
      "color": "",
      "iconEmoji": "",
      "iconImage": ""
     }
    },
    {
     "id": "6665b433a2d36e05f016085e",
     "fields": null,
     "restrictions": null,
     "childrenIds": [
     ],
     "backgroundColor": "",
     "align": "AlignLeft",
     "verticalAlign": "VerticalAlignTop",
     "text": {
      "text": "",
      "style": "Paragraph",
      "marks": {
       "marks": [
       ]
      },
      "checked": false,
      "color": "",
      "iconEmoji": "",
      "iconImage": ""
     }
    },
    {
     "id": "6665a3d1a2d36e05f01606fe",
     "fields": null,
     "restrictions": {
      "read": false,
      "edit": false,
      "remove": false,
      "drag": false,
      "dropOn": false
     },
     "childrenIds": [
     ],
     "backgroundColor": "",
     "align": "AlignLeft",
     "verticalAlign": "VerticalAlignTop",
     "text": {
      "text": "Running Containers",
      "style": "Header2",
      "marks": {
       "marks": [
        {
         "range": {
          "from": 0,
          "to": 18
         },
         "type": "Underscored",
         "param": ""
        }
       ]
      },
      "checked": false,
      "color": "",
      "iconEmoji": "",
      "iconImage": ""
     }
    },
    {
     "id": "6665b3f3a2d36e05f0160857",
     "fields": null,
     "restrictions": null,
     "childrenIds": [
     ],
     "backgroundColor": "",
     "align": "AlignLeft",
     "verticalAlign": "VerticalAlignTop",
     "text": {
      "text": "To run industry-standard containers, you don't need to use Docker; you can just follow the OCI runtime-spec standard instead.",
      "style": "Paragraph",
      "marks": {
       "marks": [
        {
         "range": {
          "from": 95,
          "to": 107
         },
         "type": "Underscored",
         "param": ""
        },
        {
         "range": {
          "from": 95,
          "to": 107
         },
         "type": "Link",
         "param": "https://github.com/opencontainers/runtime-spec"
        }
       ]
      },
      "checked": false,
      "color": "",
      "iconEmoji": "",
      "iconImage": ""
     }
    },
    {
     "id": "6665b38ba2d36e05f0160842",
     "fields": null,
     "restrictions": null,
     "childrenIds": [
     ],
     "backgroundColor": "",
     "align": "AlignLeft",
     "verticalAlign": "VerticalAlignTop",
     "text": {
      "text": "The Open Container Initiative also maintains a container runtime reference implementation called runC.",
      "style": "Paragraph",
      "marks": {
       "marks": [
        {
         "range": {
          "from": 97,
          "to": 101
         },
         "type": "Underscored",
         "param": ""
        },
        {
         "range": {
          "from": 97,
          "to": 101
         },
         "type": "Link",
         "param": "https://github.com/opencontainers/runc"
        }
       ]
      },
      "checked": false,
      "color": "",
      "iconEmoji": "",
      "iconImage": ""
     }
    },
    {
     "id": "6665b3e5a2d36e05f0160850",
     "fields": null,
     "restrictions": null,
     "childrenIds": [
     ],
     "backgroundColor": "",
     "align": "AlignLeft",
     "verticalAlign": "VerticalAlignTop",
     "text": {
      "text": "For your local machine, there are plenty of alternatives to choose from, some of which are only for building images like buildah or kaniko, while others line up as full alternatives to Docker, like podman does.",
      "style": "Paragraph",
      "marks": {
       "marks": [
        {
         "range": {
          "from": 121,
          "to": 128
         },
         "type": "Underscored",
         "param": ""
        },
        {
         "range": {
          "from": 121,
          "to": 128
         },
         "type": "Link",
         "param": "https://buildah.io/"
        },
        {
         "range": {
          "from": 132,
          "to": 138
         },
         "type": "Underscored",
         "param": ""
        },
        {
         "range": {
          "from": 132,
          "to": 138
         },
         "type": "Link",
         "param": "https://github.com/GoogleContainerTools/kaniko"
        },
        {
         "range": {
          "from": 198,
          "to": 204
         },
         "type": "Underscored",
         "param": ""
        },
        {
         "range": {
          "from": 198,
          "to": 204
         },
         "type": "Link",
         "param": "https://podman.io/"
        }
       ]
      },
      "checked": false,
      "color": "",
      "iconEmoji": "",
      "iconImage": ""
     }
    },
    {
     "id": "6665b43da2d36e05f0160860",
     "fields": null,
     "restrictions": null,
     "childrenIds": [
     ],
     "backgroundColor": "",
     "align": "AlignLeft",
     "verticalAlign": "VerticalAlignTop",
     "text": {
      "text": "",
      "style": "Paragraph",
      "marks": {
       "marks": [
       ]
      },
      "checked": false,
      "color": "",
      "iconEmoji": "",
      "iconImage": ""
     }
    },
    {
     "id": "6665aaf9a2d36e05f01607ab",
     "fields": null,
     "restrictions": null,
     "childrenIds": [
     ],
     "backgroundColor": "",
     "align": "AlignLeft",
     "verticalAlign": "VerticalAlignTop",
     "text": {
      "text": "Building Container Images",
      "style": "Header2",
      "marks": {
       "marks": [
        {
         "range": {
          "from": 0,
          "to": 25
         },
         "type": "Underscored",
         "param": ""
        }
       ]
      },
      "checked": false,
      "color": "",
      "iconEmoji": "",
      "iconImage": ""
     }
    },
    {
     "id": "6665b6e3a2d36e05f016086e",
     "fields": null,
     "restrictions": null,
     "childrenIds": [
     ],
     "backgroundColor": "",
     "align": "AlignLeft",
     "verticalAlign": "VerticalAlignTop",
     "text": {
      "text": "Why is a container called a container in the first place? The metaphor used here is aimed at the use of shipping containers that are standardized according to ISO 668.",
      "style": "Paragraph",
      "marks": {
       "marks": [
        {
         "range": {
          "from": 159,
          "to": 166
         },
         "type": "Underscored",
         "param": ""
        },
        {
         "range": {
          "from": 159,
          "to": 166
         },
         "type": "Link",
         "param": "https://en.wikipedia.org/wiki/ISO_668"
        }
       ]
      },
      "checked": false,
      "color": "",
      "iconEmoji": "",
      "iconImage": ""
     }
    },
    {
     "id": "6665b6eca2d36e05f0160875",
     "fields": null,
     "restrictions": null,
     "childrenIds": [
     ],
     "backgroundColor": "",
     "align": "AlignLeft",
     "verticalAlign": "VerticalAlignTop",
     "text": {
      "text": "Docker reused all components to isolate processes like namespaces and cgroups, but a crucial piece of the puzzle that helped containers achieve their breakthrough is the introduction of container images. Docker describes a container image as following:",
      "style": "Paragraph",
      "marks": {
       "marks": [
        {
         "range": {
          "from": 186,
          "to": 204
         },
         "type": "Italic",
         "param": ""
        },
        {
         "range": {
          "from": 186,
          "to": 202
         },
         "type": "TextColor",
         "param": "red"
        }
       ]
      },
      "checked": false,
      "color": "",
      "iconEmoji": "",
      "iconImage": ""
     }
    },
    {
     "id": "6665b70da2d36e05f0160881",
     "fields": null,
     "restrictions": null,
     "childrenIds": [
     ],
     "backgroundColor": "",
     "align": "AlignLeft",
     "verticalAlign": "VerticalAlignTop",
     "text": {
      "text": "\"A Docker container image is a lightweight, standalone, executable package of software that includes everything needed to run an application: code, runtime, system tools, system libraries and settings.\"",
      "style": "Paragraph",
      "marks": {
       "marks": [
        {
         "range": {
          "from": 1,
          "to": 202
         },
         "type": "Italic",
         "param": ""
        }
       ]
      },
      "checked": false,
      "color": "",
      "iconEmoji": "",
      "iconImage": ""
     }
    },
    {
     "id": "6665b738a2d36e05f016088c",
     "fields": null,
     "restrictions": null,
     "childrenIds": [
     ],
     "backgroundColor": "",
     "align": "AlignLeft",
     "verticalAlign": "VerticalAlignTop",
     "text": {
      "text": "Images consist of a filesystem bundle and metadata.",
      "style": "Paragraph",
      "marks": {
       "marks": [
       ]
      },
      "checked": false,
      "color": "",
      "iconEmoji": "",
      "iconImage": ""
     }
    },
    {
     "id": "6665b763a2d36e05f0160893",
     "fields": null,
     "restrictions": null,
     "childrenIds": [
     ],
     "backgroundColor": "",
     "align": "AlignLeft",
     "verticalAlign": "VerticalAlignTop",
     "text": {
      "text": "Images can be built by reading the instructions from a buildfile called Dockerfile. ",
      "style": "Paragraph",
      "marks": {
       "marks": [
        {
         "range": {
          "from": 72,
          "to": 82
         },
         "type": "Italic",
         "param": ""
        },
        {
         "range": {
          "from": 82,
          "to": 83
         },
         "type": "Bold",
         "param": ""
        }
       ]
      },
      "checked": false,
      "color": "",
      "iconEmoji": "",
      "iconImage": ""
     }
    },
    {
     "id": "6665b7c0a2d36e05f0160895",
     "fields": null,
     "restrictions": null,
     "childrenIds": [
     ],
     "backgroundColor": "",
     "align": "AlignLeft",
     "verticalAlign": "VerticalAlignTop",
     "text": {
      "text": "",
      "style": "Paragraph",
      "marks": {
       "marks": [
       ]
      },
      "checked": false,
      "color": "",
      "iconEmoji": "",
      "iconImage": ""
     }
    },
    {
     "id": "6665ab13a2d36e05f01607ac",
     "fields": null,
     "restrictions": null,
     "childrenIds": [
     ],
     "backgroundColor": "",
     "align": "AlignLeft",
     "verticalAlign": "VerticalAlignTop",
     "text": {
      "text": "Security",
      "style": "Header2",
      "marks": {
       "marks": [
        {
         "range": {
          "from": 0,
          "to": 8
         },
         "type": "Underscored",
         "param": ""
        }
       ]
      },
      "checked": false,
      "color": "",
      "iconEmoji": "",
      "iconImage": ""
     }
    },
    {
     "id": "66673ab2a2d36e0c8087ef08",
     "fields": null,
     "restrictions": null,
     "childrenIds": [
     ],
     "backgroundColor": "",
     "align": "AlignLeft",
     "verticalAlign": "VerticalAlignTop",
     "text": {
      "text": "When containers are started on a machine, they always share the same kernel, which then becomes a risk for the whole system.",
      "style": "Paragraph",
      "marks": {
       "marks": [
       ]
      },
      "checked": false,
      "color": "",
      "iconEmoji": "",
      "iconImage": ""
     }
    },
    {
     "id": "66673ad6a2d36e0c8087ef0f",
     "fields": null,
     "restrictions": null,
     "childrenIds": [
     ],
     "backgroundColor": "",
     "align": "AlignLeft",
     "verticalAlign": "VerticalAlignTop",
     "text": {
      "text": "One of the greatest security risks is the execution of processes with too many privileges, especially starting processes as root or administrator.",
      "style": "Paragraph",
      "marks": {
       "marks": [
        {
         "range": {
          "from": 0,
          "to": 89
         },
         "type": "Italic",
         "param": ""
        },
        {
         "range": {
          "from": 0,
          "to": 89
         },
         "type": "Bold",
         "param": ""
        }
       ]
      },
      "checked": false,
      "color": "",
      "iconEmoji": "",
      "iconImage": ""
     }
    },
    {
     "id": "66673b26a2d36e0c8087ef15",
     "fields": null,
     "restrictions": null,
     "childrenIds": [
     ],
     "backgroundColor": "",
     "align": "AlignLeft",
     "verticalAlign": "VerticalAlignTop",
     "text": {
      "text": "The 4C's of Cloud Native security can give a rough idea what layers need to be protected if you’re using containers:",
      "style": "Paragraph",
      "marks": {
       "marks": [
        {
         "range": {
          "from": 4,
          "to": 33
         },
         "type": "Italic",
         "param": ""
        },
        {
         "range": {
          "from": 4,
          "to": 33
         },
         "type": "Bold",
         "param": ""
        },
        {
         "range": {
          "from": 4,
          "to": 33
         },
         "type": "TextColor",
         "param": "red"
        }
       ]
      },
      "checked": false,
      "color": "",
      "iconEmoji": "",
      "iconImage": ""
     }
    },
    {
     "id": "66673b28a2d36e0c8087ef17",
     "fields": null,
     "restrictions": null,
     "childrenIds": [
     ],
     "backgroundColor": "",
     "align": "AlignLeft",
     "verticalAlign": "VerticalAlignTop",
     "text": {
      "text": "Code",
      "style": "Marked",
      "marks": {
       "marks": [
        {
         "range": {
          "from": 0,
          "to": 4
         },
         "type": "Bold",
         "param": ""
        },
        {
         "range": {
          "from": 0,
          "to": 4
         },
         "type": "Underscored",
         "param": ""
        }
       ]
      },
      "checked": false,
      "color": "",
      "iconEmoji": "",
      "iconImage": ""
     }
    },
    {
     "id": "66673b4ea2d36e0c8087ef18",
     "fields": null,
     "restrictions": null,
     "childrenIds": [
     ],
     "backgroundColor": "",
     "align": "AlignLeft",
     "verticalAlign": "VerticalAlignTop",
     "text": {
      "text": "Container",
      "style": "Marked",
      "marks": {
       "marks": [
        {
         "range": {
          "from": 0,
          "to": 9
         },
         "type": "Bold",
         "param": ""
        },
        {
         "range": {
          "from": 0,
          "to": 9
         },
         "type": "Underscored",
         "param": ""
        }
       ]
      },
      "checked": false,
      "color": "",
      "iconEmoji": "",
      "iconImage": ""
     }
    },
    {
     "id": "66673b51a2d36e0c8087ef19",
     "fields": null,
     "restrictions": null,
     "childrenIds": [
     ],
     "backgroundColor": "",
     "align": "AlignLeft",
     "verticalAlign": "VerticalAlignTop",
     "text": {
      "text": "Cluster",
      "style": "Marked",
      "marks": {
       "marks": [
        {
         "range": {
          "from": 0,
          "to": 7
         },
         "type": "Bold",
         "param": ""
        },
        {
         "range": {
          "from": 0,
          "to": 7
         },
         "type": "Underscored",
         "param": ""
        }
       ]
      },
      "checked": false,
      "color": "",
      "iconEmoji": "",
      "iconImage": ""
     }
    },
    {
     "id": "66673b53a2d36e0c8087ef1a",
     "fields": null,
     "restrictions": null,
     "childrenIds": [
     ],
     "backgroundColor": "",
     "align": "AlignLeft",
     "verticalAlign": "VerticalAlignTop",
     "text": {
      "text": "Cloud (/Co-Lo/Corporate Datacenter)",
      "style": "Marked",
      "marks": {
       "marks": [
        {
         "range": {
          "from": 0,
          "to": 6
         },
         "type": "Bold",
         "param": ""
        },
        {
         "range": {
          "from": 0,
          "to": 6
         },
         "type": "Underscored",
         "param": ""
        }
       ]
      },
      "checked": false,
      "color": "",
      "iconEmoji": "",
      "iconImage": ""
     }
    },
    {
     "id": "66673b83a2d36e0c8087ef1b",
     "fields": null,
     "restrictions": null,
     "childrenIds": [
     ],
     "backgroundColor": "",
     "align": "AlignLeft",
     "verticalAlign": "VerticalAlignTop",
     "text": {
      "text": "",
      "style": "Paragraph",
      "marks": {
       "marks": [
       ]
      },
      "checked": false,
      "color": "",
      "iconEmoji": "",
      "iconImage": ""
     }
    },
    {
     "id": "6665ab1aa2d36e05f01607ad",
     "fields": null,
     "restrictions": null,
     "childrenIds": [
     ],
     "backgroundColor": "",
     "align": "AlignLeft",
     "verticalAlign": "VerticalAlignTop",
     "text": {
      "text": "Container Orchestration Fundamentals",
      "style": "Header2",
      "marks": {
       "marks": [
        {
         "range": {
          "from": 0,
          "to": 36
         },
         "type": "Underscored",
         "param": ""
        }
       ]
      },
      "checked": false,
      "color": "",
      "iconEmoji": "",
      "iconImage": ""
     }
    },
    {
     "id": "66673e96a2d36e0c8087ef21",
     "fields": null,
     "restrictions": null,
     "childrenIds": [
     ],
     "backgroundColor": "",
     "align": "AlignLeft",
     "verticalAlign": "VerticalAlignTop",
     "text": {
      "text": "Having a lot of small containers that are loosely coupled, isolated and independent is the basis for so-called microservice architectures.",
      "style": "Paragraph",
      "marks": {
       "marks": [
       ]
      },
      "checked": false,
      "color": "",
      "iconEmoji": "",
      "iconImage": ""
     }
    },
    {
     "id": "66673e9fa2d36e0c8087ef28",
     "fields": null,
     "restrictions": null,
     "childrenIds": [
     ],
     "backgroundColor": "",
     "align": "AlignLeft",
     "verticalAlign": "VerticalAlignTop",
     "text": {
      "text": "If you have to manage and deploy large amounts of containers, you quickly get to the point where you need a system that helps with the management of these containers. Problems to be solved can include:",
      "style": "Paragraph",
      "marks": {
       "marks": [
       ]
      },
      "checked": false,
      "color": "",
      "iconEmoji": "",
      "iconImage": ""
     }
    },
    {
     "id": "66673ea5a2d36e0c8087ef3a",
     "fields": null,
     "restrictions": null,
     "childrenIds": [
     ],
     "backgroundColor": "",
     "align": "AlignLeft",
     "verticalAlign": "VerticalAlignTop",
     "text": {
      "text": "Providing compute resources like virtual machines where containers can run on",
      "style": "Marked",
      "marks": {
       "marks": [
        {
         "range": {
          "from": 0,
          "to": 27
         },
         "type": "Bold",
         "param": ""
        },
        {
         "range": {
          "from": 0,
          "to": 27
         },
         "type": "Underscored",
         "param": ""
        }
       ]
      },
      "checked": false,
      "color": "",
      "iconEmoji": "",
      "iconImage": ""
     }
    },
    {
     "id": "66673ea5a2d36e0c8087ef3b",
     "fields": null,
     "restrictions": null,
     "childrenIds": [
     ],
     "backgroundColor": "",
     "align": "AlignLeft",
     "verticalAlign": "VerticalAlignTop",
     "text": {
      "text": "Schedule containers to servers in an efficient way",
      "style": "Marked",
      "marks": {
       "marks": [
        {
         "range": {
          "from": 0,
          "to": 8
         },
         "type": "Bold",
         "param": ""
        },
        {
         "range": {
          "from": 0,
          "to": 8
         },
         "type": "Underscored",
         "param": ""
        }
       ]
      },
      "checked": false,
      "color": "",
      "iconEmoji": "",
      "iconImage": ""
     }
    },
    {
     "id": "66673ea5a2d36e0c8087ef3c",
     "fields": null,
     "restrictions": null,
     "childrenIds": [
     ],
     "backgroundColor": "",
     "align": "AlignLeft",
     "verticalAlign": "VerticalAlignTop",
     "text": {
      "text": "Allocate resources like CPU and memory to containers",
      "style": "Marked",
      "marks": {
       "marks": [
        {
         "range": {
          "from": 0,
          "to": 18
         },
         "type": "Bold",
         "param": ""
        },
        {
         "range": {
          "from": 0,
          "to": 18
         },
         "type": "Underscored",
         "param": ""
        }
       ]
      },
      "checked": false,
      "color": "",
      "iconEmoji": "",
      "iconImage": ""
     }
    },
    {
     "id": "66673ea5a2d36e0c8087ef3d",
     "fields": null,
     "restrictions": null,
     "childrenIds": [
     ],
     "backgroundColor": "",
     "align": "AlignLeft",
     "verticalAlign": "VerticalAlignTop",
     "text": {
      "text": "Manage the availability of containers and replace them if they fail",
      "style": "Marked",
      "marks": {
       "marks": [
        {
         "range": {
          "from": 0,
          "to": 23
         },
         "type": "Bold",
         "param": ""
        },
        {
         "range": {
          "from": 0,
          "to": 23
         },
         "type": "Underscored",
         "param": ""
        }
       ]
      },
      "checked": false,
      "color": "",
      "iconEmoji": "",
      "iconImage": ""
     }
    },
    {
     "id": "66673ea5a2d36e0c8087ef3e",
     "fields": null,
     "restrictions": null,
     "childrenIds": [
     ],
     "backgroundColor": "",
     "align": "AlignLeft",
     "verticalAlign": "VerticalAlignTop",
     "text": {
      "text": "Scale containers if load increases",
      "style": "Marked",
      "marks": {
       "marks": [
        {
         "range": {
          "from": 0,
          "to": 5
         },
         "type": "Bold",
         "param": ""
        },
        {
         "range": {
          "from": 0,
          "to": 5
         },
         "type": "Underscored",
         "param": ""
        }
       ]
      },
      "checked": false,
      "color": "",
      "iconEmoji": "",
      "iconImage": ""
     }
    },
    {
     "id": "66673ea5a2d36e0c8087ef3f",
     "fields": null,
     "restrictions": null,
     "childrenIds": [
     ],
     "backgroundColor": "",
     "align": "AlignLeft",
     "verticalAlign": "VerticalAlignTop",
     "text": {
      "text": "Provide networking to connect containers together",
      "style": "Marked",
      "marks": {
       "marks": [
        {
         "range": {
          "from": 0,
          "to": 18
         },
         "type": "Bold",
         "param": ""
        },
        {
         "range": {
          "from": 0,
          "to": 18
         },
         "type": "Underscored",
         "param": ""
        }
       ]
      },
      "checked": false,
      "color": "",
      "iconEmoji": "",
      "iconImage": ""
     }
    },
    {
     "id": "66673ea5a2d36e0c8087ef40",
     "fields": null,
     "restrictions": null,
     "childrenIds": [
     ],
     "backgroundColor": "",
     "align": "AlignLeft",
     "verticalAlign": "VerticalAlignTop",
     "text": {
      "text": "Provision storage if containers need to persist data",
      "style": "Marked",
      "marks": {
       "marks": [
        {
         "range": {
          "from": 0,
          "to": 17
         },
         "type": "Bold",
         "param": ""
        },
        {
         "range": {
          "from": 0,
          "to": 17
         },
         "type": "Underscored",
         "param": ""
        }
       ]
      },
      "checked": false,
      "color": "",
      "iconEmoji": "",
      "iconImage": ""
     }
    },
    {
     "id": "66673ef2a2d36e0c8087ef48",
     "fields": null,
     "restrictions": null,
     "childrenIds": [
     ],
     "backgroundColor": "",
     "align": "AlignLeft",
     "verticalAlign": "VerticalAlignTop",
     "text": {
      "text": "Most container orchestration systems consist of two parts: a control plane that is responsible for the management of the containers and worker nodes that actually host the containers.",
      "style": "Paragraph",
      "marks": {
       "marks": [
        {
         "range": {
          "from": 61,
          "to": 131
         },
         "type": "Italic",
         "param": ""
        },
        {
         "range": {
          "from": 136,
          "to": 182
         },
         "type": "Italic",
         "param": ""
        },
        {
         "range": {
          "from": 48,
          "to": 57
         },
         "type": "Bold",
         "param": ""
        },
        {
         "range": {
          "from": 61,
          "to": 131
         },
         "type": "Bold",
         "param": ""
        },
        {
         "range": {
          "from": 136,
          "to": 182
         },
         "type": "Bold",
         "param": ""
        },
        {
         "range": {
          "from": 48,
          "to": 57
         },
         "type": "Underscored",
         "param": ""
        },
        {
         "range": {
          "from": 61,
          "to": 74
         },
         "type": "TextColor",
         "param": "red"
        },
        {
         "range": {
          "from": 136,
          "to": 148
         },
         "type": "TextColor",
         "param": "red"
        }
       ]
      },
      "checked": false,
      "color": "",
      "iconEmoji": "",
      "iconImage": ""
     }
    },
    {
     "id": "66673f1ba2d36e0c8087ef4a",
     "fields": null,
     "restrictions": null,
     "childrenIds": [
     ],
     "backgroundColor": "",
     "align": "AlignLeft",
     "verticalAlign": "VerticalAlignTop",
     "text": {
      "text": "",
      "style": "Paragraph",
      "marks": {
       "marks": [
       ]
      },
      "checked": false,
      "color": "",
      "iconEmoji": "",
      "iconImage": ""
     }
    },
    {
     "id": "6665ab27a2d36e05f01607ae",
     "fields": null,
     "restrictions": null,
     "childrenIds": [
     ],
     "backgroundColor": "",
     "align": "AlignLeft",
     "verticalAlign": "VerticalAlignTop",
     "text": {
      "text": "Networking",
      "style": "Header2",
      "marks": {
       "marks": [
        {
         "range": {
          "from": 0,
          "to": 10
         },
         "type": "Underscored",
         "param": ""
        }
       ]
      },
      "checked": false,
      "color": "",
      "iconEmoji": "",
      "iconImage": ""
     }
    },
    {
     "id": "6667403fa2d36e0c8087ef50",
     "fields": null,
     "restrictions": null,
     "childrenIds": [
     ],
     "backgroundColor": "",
     "align": "AlignLeft",
     "verticalAlign": "VerticalAlignTop",
     "text": {
      "text": "Network namespaces allow each container to have its own unique IP address, therefore multiple applications can open the same network port.",
      "style": "Paragraph",
      "marks": {
       "marks": [
       ]
      },
      "checked": false,
      "color": "",
      "iconEmoji": "",
      "iconImage": ""
     }
    },
    {
     "id": "6667404da2d36e0c8087ef56",
     "fields": null,
     "restrictions": null,
     "childrenIds": [
     ],
     "backgroundColor": "",
     "align": "AlignLeft",
     "verticalAlign": "VerticalAlignTop",
     "text": {
      "text": "To make the application accessible from outside the host system, containers have the ability to map a port from the container to a port from the host system.",
      "style": "Paragraph",
      "marks": {
       "marks": [
       ]
      },
      "checked": false,
      "color": "",
      "iconEmoji": "",
      "iconImage": ""
     }
    },
    {
     "id": "66674064a2d36e0c8087ef5e",
     "fields": null,
     "restrictions": null,
     "childrenIds": [
     ],
     "backgroundColor": "",
     "align": "AlignLeft",
     "verticalAlign": "VerticalAlignTop",
     "text": {
      "text": "To allow communication between containers across hosts, we can use an overlay network which puts them in a virtual network that is spanned across the host systems.",
      "style": "Paragraph",
      "marks": {
       "marks": [
       ]
      },
      "checked": false,
      "color": "",
      "iconEmoji": "",
      "iconImage": ""
     }
    },
    {
     "id": "666740a1a2d36e0c8087ef64",
     "fields": null,
     "restrictions": null,
     "childrenIds": [
     ],
     "backgroundColor": "",
     "align": "AlignLeft",
     "verticalAlign": "VerticalAlignTop",
     "text": {
      "text": "Most modern implementations of container networking are based on the Container Network Interface (CNI).",
      "style": "Paragraph",
      "marks": {
       "marks": [
       ]
      },
      "checked": false,
      "color": "",
      "iconEmoji": "",
      "iconImage": ""
     }
    },
    {
     "id": "666740aaa2d36e0c8087ef68",
     "fields": {
       "width": 0.696499929821085
      },
     "restrictions": null,
     "childrenIds": [
     ],
     "backgroundColor": "",
     "align": "AlignLeft",
     "verticalAlign": "VerticalAlignTop",
     "file": {
      "hash": "",
      "name": "image.png",
      "type": "Image",
      "mime": "image/png",
      "size": "413576",
      "addedAt": "0",
      "targetObjectId": "bafyreihswofn5247gevrv5idrub3dtndu2ng5jq3yqitzjat5wdct7syri",
      "state": "Done",
      "style": "Embed"
     }
    },
    {
     "id": "666740cfa2d36e0c8087ef6a",
     "fields": null,
     "restrictions": null,
     "childrenIds": [
     ],
     "backgroundColor": "",
     "align": "AlignLeft",
     "verticalAlign": "VerticalAlignTop",
     "text": {
      "text": "",
      "style": "Paragraph",
      "marks": {
       "marks": [
       ]
      },
      "checked": false,
      "color": "",
      "iconEmoji": "",
      "iconImage": ""
     }
    },
    {
     "id": "6665ab2da2d36e05f01607af",
     "fields": null,
     "restrictions": null,
     "childrenIds": [
     ],
     "backgroundColor": "",
     "align": "AlignLeft",
     "verticalAlign": "VerticalAlignTop",
     "text": {
      "text": "Service Discovery \u0026 DNS",
      "style": "Header2",
      "marks": {
       "marks": [
        {
         "range": {
          "from": 0,
          "to": 23
         },
         "type": "Underscored",
         "param": ""
        }
       ]
      },
      "checked": false,
      "color": "",
      "iconEmoji": "",
      "iconImage": ""
     }
    },
    {
     "id": "66674118a2d36e0c8087ef77",
     "fields": null,
     "restrictions": null,
     "childrenIds": [
     ],
     "backgroundColor": "",
     "align": "AlignLeft",
     "verticalAlign": "VerticalAlignTop",
     "text": {
      "text": "In container orchestration platforms things are a lot more complicated than traditional datacenters:",
      "style": "Paragraph",
      "marks": {
       "marks": [
       ]
      },
      "checked": false,
      "color": "",
      "iconEmoji": "",
      "iconImage": ""
     }
    },
    {
     "id": "66674118a2d36e0c8087ef78",
     "fields": null,
     "restrictions": null,
     "childrenIds": [
     ],
     "backgroundColor": "",
     "align": "AlignLeft",
     "verticalAlign": "VerticalAlignTop",
     "text": {
      "text": "Hundreds or thousands of containers with individual IP addresses",
      "style": "Marked",
      "marks": {
       "marks": [
       ]
      },
      "checked": false,
      "color": "",
      "iconEmoji": "",
      "iconImage": ""
     }
    },
    {
     "id": "66674118a2d36e0c8087ef79",
     "fields": null,
     "restrictions": null,
     "childrenIds": [
     ],
     "backgroundColor": "",
     "align": "AlignLeft",
     "verticalAlign": "VerticalAlignTop",
     "text": {
      "text": "Containers are deployed on varieties of different hosts, different data centers or even geolocations",
      "style": "Marked",
      "marks": {
       "marks": [
       ]
      },
      "checked": false,
      "color": "",
      "iconEmoji": "",
      "iconImage": ""
     }
    },
    {
     "id": "66674118a2d36e0c8087ef7a",
     "fields": null,
     "restrictions": null,
     "childrenIds": [
     ],
     "backgroundColor": "",
     "align": "AlignLeft",
     "verticalAlign": "VerticalAlignTop",
     "text": {
      "text": "Containers or Services need DNS to communicate. Using IP addresses is nearly impossible",
      "style": "Marked",
      "marks": {
       "marks": [
       ]
      },
      "checked": false,
      "color": "",
      "iconEmoji": "",
      "iconImage": ""
     }
    },
    {
     "id": "66674118a2d36e0c8087ef7b",
     "fields": null,
     "restrictions": null,
     "childrenIds": [
     ],
     "backgroundColor": "",
     "align": "AlignLeft",
     "verticalAlign": "VerticalAlignTop",
     "text": {
      "text": "Information about Containers must be removed from the system when they get deleted.",
      "style": "Marked",
      "marks": {
       "marks": [
       ]
      },
      "checked": false,
      "color": "",
      "iconEmoji": "",
      "iconImage": ""
     }
    },
    {
     "id": "66674153a2d36e0c8087ef82",
     "fields": null,
     "restrictions": null,
     "childrenIds": [
     ],
     "backgroundColor": "",
     "align": "AlignLeft",
     "verticalAlign": "VerticalAlignTop",
     "text": {
      "text": "The solution to the problem again is automation, all the information is put in a Service Registry. Finding other services in the network and requesting information about them is called Service Discovery.",
      "style": "Paragraph",
      "marks": {
       "marks": [
        {
         "range": {
          "from": 81,
          "to": 97
         },
         "type": "Italic",
         "param": ""
        },
        {
         "range": {
          "from": 185,
          "to": 202
         },
         "type": "Italic",
         "param": ""
        },
        {
         "range": {
          "from": 81,
          "to": 97
         },
         "type": "Bold",
         "param": ""
        },
        {
         "range": {
          "from": 99,
          "to": 202
         },
         "type": "Bold",
         "param": ""
        },
        {
         "range": {
          "from": 81,
          "to": 97
         },
         "type": "Underscored",
         "param": ""
        },
        {
         "range": {
          "from": 99,
          "to": 202
         },
         "type": "Underscored",
         "param": ""
        },
        {
         "range": {
          "from": 81,
          "to": 97
         },
         "type": "TextColor",
         "param": "red"
        },
        {
         "range": {
          "from": 185,
          "to": 202
         },
         "type": "TextColor",
         "param": "red"
        }
       ]
      },
      "checked": false,
      "color": "",
      "iconEmoji": "",
      "iconImage": ""
     }
    },
    {
     "id": "66674196a2d36e0c8087ef89",
     "fields": null,
     "restrictions": null,
     "childrenIds": [
     ],
     "backgroundColor": "",
     "align": "AlignLeft",
     "verticalAlign": "VerticalAlignTop",
     "text": {
      "text": "Approaches to Service Discovery:",
      "style": "Paragraph",
      "marks": {
       "marks": [
       ]
      },
      "checked": false,
      "color": "",
      "iconEmoji": "",
      "iconImage": ""
     }
    },
    {
     "id": "666741a1a2d36e0c8087ef8a",
     "fields": null,
     "restrictions": null,
     "childrenIds": [
     ],
     "backgroundColor": "",
     "align": "AlignLeft",
     "verticalAlign": "VerticalAlignTop",
     "text": {
      "text": "DNS Modern DNS servers that have a service API can be used to register new services as they are created",
      "style": "Marked",
      "marks": {
       "marks": [
        {
         "range": {
          "from": 0,
          "to": 3
         },
         "type": "Bold",
         "param": ""
        },
        {
         "range": {
          "from": 0,
          "to": 3
         },
         "type": "Underscored",
         "param": ""
        }
       ]
      },
      "checked": false,
      "color": "",
      "iconEmoji": "",
      "iconImage": ""
     }
    },
    {
     "id": "666741c6a2d36e0c8087ef90",
     "fields": null,
     "restrictions": null,
     "childrenIds": [
     ],
     "backgroundColor": "",
     "align": "AlignLeft",
     "verticalAlign": "VerticalAlignTop",
     "text": {
      "text": "Key-Value-Store Using a strongly consistent datastore especially to store information about services (etcd, Consul, Apache Zookeeper)",
      "style": "Marked",
      "marks": {
       "marks": [
        {
         "range": {
          "from": 0,
          "to": 15
         },
         "type": "Bold",
         "param": ""
        },
        {
         "range": {
          "from": 102,
          "to": 106
         },
         "type": "Bold",
         "param": ""
        },
        {
         "range": {
          "from": 108,
          "to": 114
         },
         "type": "Bold",
         "param": ""
        },
        {
         "range": {
          "from": 116,
          "to": 132
         },
         "type": "Bold",
         "param": ""
        },
        {
         "range": {
          "from": 0,
          "to": 15
         },
         "type": "Underscored",
         "param": ""
        },
        {
         "range": {
          "from": 102,
          "to": 106
         },
         "type": "Underscored",
         "param": ""
        },
        {
         "range": {
          "from": 108,
          "to": 114
         },
         "type": "Underscored",
         "param": ""
        },
        {
         "range": {
          "from": 116,
          "to": 132
         },
         "type": "Underscored",
         "param": ""
        }
       ]
      },
      "checked": false,
      "color": "",
      "iconEmoji": "",
      "iconImage": ""
     }
    },
    {
     "id": "66674202a2d36e0c8087ef96",
     "fields": null,
     "restrictions": null,
     "childrenIds": [
     ],
     "backgroundColor": "",
     "align": "AlignLeft",
     "verticalAlign": "VerticalAlignTop",
     "text": {
      "text": "",
      "style": "Paragraph",
      "marks": {
       "marks": [
       ]
      },
      "checked": false,
      "color": "",
      "iconEmoji": "",
      "iconImage": ""
     }
    },
    {
     "id": "6665ab3ca2d36e05f01607b0",
     "fields": null,
     "restrictions": null,
     "childrenIds": [
     ],
     "backgroundColor": "",
     "align": "AlignLeft",
     "verticalAlign": "VerticalAlignTop",
     "text": {
      "text": "Service Mesh",
      "style": "Header2",
      "marks": {
       "marks": [
        {
         "range": {
          "from": 0,
          "to": 12
         },
         "type": "Underscored",
         "param": ""
        }
       ]
      },
      "checked": false,
      "color": "",
      "iconEmoji": "",
      "iconImage": ""
     }
    },
    {
     "id": "666745faa2d36e0c8087ef9b",
     "fields": null,
     "restrictions": null,
     "childrenIds": [
     ],
     "backgroundColor": "",
     "align": "AlignLeft",
     "verticalAlign": "VerticalAlignTop",
     "text": {
      "text": "Monitoring, access control or encryption of the networking traffic is desired when containers communicate with each other.",
      "style": "Paragraph",
      "marks": {
       "marks": [
       ]
      },
      "checked": false,
      "color": "",
      "iconEmoji": "",
      "iconImage": ""
     }
    },
    {
     "id": "66674613a2d36e0c8087efa2",
     "fields": null,
     "restrictions": null,
     "childrenIds": [
     ],
     "backgroundColor": "",
     "align": "AlignLeft",
     "verticalAlign": "VerticalAlignTop",
     "text": {
      "text": "Instead of implementing all of this functionality into your application, you can just start a second container that has this functionality implemented.",
      "style": "Paragraph",
      "marks": {
       "marks": [
       ]
      },
      "checked": false,
      "color": "",
      "iconEmoji": "",
      "iconImage": ""
     }
    },
    {
     "id": "6667463aa2d36e0c8087efaa",
     "fields": null,
     "restrictions": null,
     "childrenIds": [
     ],
     "backgroundColor": "",
     "align": "AlignLeft",
     "verticalAlign": "VerticalAlignTop",
     "text": {
      "text": "The software you can use to manage network traffic is called a proxy. This is a server application that sits between a client and server and can modify or filter network traffic before it reaches the server. Popular representatives are nginx, haproxy or envoy.",
      "style": "Paragraph",
      "marks": {
       "marks": [
        {
         "range": {
          "from": 63,
          "to": 68
         },
         "type": "Bold",
         "param": ""
        },
        {
         "range": {
          "from": 63,
          "to": 68
         },
         "type": "Underscored",
         "param": ""
        },
        {
         "range": {
          "from": 236,
          "to": 241
         },
         "type": "Underscored",
         "param": ""
        },
        {
         "range": {
          "from": 243,
          "to": 250
         },
         "type": "Underscored",
         "param": ""
        },
        {
         "range": {
          "from": 254,
          "to": 259
         },
         "type": "Underscored",
         "param": ""
        },
        {
         "range": {
          "from": 236,
          "to": 241
         },
         "type": "Link",
         "param": "https://www.nginx.com/"
        },
        {
         "range": {
          "from": 243,
          "to": 250
         },
         "type": "Link",
         "param": "http://www.haproxy.org/"
        },
        {
         "range": {
          "from": 254,
          "to": 259
         },
         "type": "Link",
         "param": "https://www.envoyproxy.io/"
        },
        {
         "range": {
          "from": 63,
          "to": 68
         },
         "type": "TextColor",
         "param": "red"
        }
       ]
      },
      "checked": false,
      "color": "",
      "iconEmoji": "",
      "iconImage": ""
     }
    },
    {
     "id": "6667468da2d36e0c8087efbb",
     "fields": null,
     "restrictions": null,
     "childrenIds": [
     ],
     "backgroundColor": "",
     "align": "AlignLeft",
     "verticalAlign": "VerticalAlignTop",
     "text": {
      "text": "A service mesh adds a proxy server to every container that you have in your architecture.",
      "style": "Paragraph",
      "marks": {
       "marks": [
        {
         "range": {
          "from": 0,
          "to": 89
         },
         "type": "Italic",
         "param": ""
        },
        {
         "range": {
          "from": 0,
          "to": 89
         },
         "type": "Bold",
         "param": ""
        },
        {
         "range": {
          "from": 0,
          "to": 89
         },
         "type": "Underscored",
         "param": ""
        },
        {
         "range": {
          "from": 0,
          "to": 89
         },
         "type": "TextColor",
         "param": "red"
        }
       ]
      },
      "checked": false,
      "color": "",
      "iconEmoji": "",
      "iconImage": ""
     }
    },
    {
     "id": "666746c4a2d36e0c8087efbf",
     "fields": {
       "width": 0.748514890314484
      },
     "restrictions": null,
     "childrenIds": [
     ],
     "backgroundColor": "",
     "align": "AlignLeft",
     "verticalAlign": "VerticalAlignTop",
     "file": {
      "hash": "",
      "name": "image.png",
      "type": "Image",
      "mime": "image/png",
      "size": "145530",
      "addedAt": "0",
      "targetObjectId": "bafyreih55qkagxtvsdq777l4ndlouosxedjed7oqbvfus3yramn7eez5ue",
      "state": "Done",
      "style": "Embed"
     }
    },
    {
     "id": "6667472aa2d36e0c8087efc5",
     "fields": null,
     "restrictions": null,
     "childrenIds": [
     ],
     "backgroundColor": "",
     "align": "AlignLeft",
     "verticalAlign": "VerticalAlignTop",
     "text": {
      "text": "When a service mesh is used, applications don’t talk to each other directly, but the traffic is routed through the proxies instead. The most popular service meshes at the moment are istio and linkerd.",
      "style": "Paragraph",
      "marks": {
       "marks": [
        {
         "range": {
          "from": 182,
          "to": 187
         },
         "type": "Underscored",
         "param": ""
        },
        {
         "range": {
          "from": 182,
          "to": 187
         },
         "type": "Link",
         "param": "https://istio.io/"
        },
        {
         "range": {
          "from": 192,
          "to": 199
         },
         "type": "Underscored",
         "param": ""
        },
        {
         "range": {
          "from": 192,
          "to": 199
         },
         "type": "Link",
         "param": "https://linkerd.io/"
        }
       ]
      },
      "checked": false,
      "color": "",
      "iconEmoji": "",
      "iconImage": ""
     }
    },
    {
     "id": "66674737a2d36e0c8087efcc",
     "fields": null,
     "restrictions": null,
     "childrenIds": [
     ],
     "backgroundColor": "",
     "align": "AlignLeft",
     "verticalAlign": "VerticalAlignTop",
     "text": {
      "text": "The proxies in a service mesh form the data plane. This is where networking rules are implemented and shape the traffic flow.",
      "style": "Paragraph",
      "marks": {
       "marks": [
        {
         "range": {
          "from": 39,
          "to": 49
         },
         "type": "Italic",
         "param": ""
        },
        {
         "range": {
          "from": 39,
          "to": 49
         },
         "type": "Bold",
         "param": ""
        },
        {
         "range": {
          "from": 39,
          "to": 49
         },
         "type": "Underscored",
         "param": ""
        },
        {
         "range": {
          "from": 4,
          "to": 49
         },
         "type": "TextColor",
         "param": "red"
        }
       ]
      },
      "checked": false,
      "color": "",
      "iconEmoji": "",
      "iconImage": ""
     }
    },
    {
     "id": "66674757a2d36e0c8087efd3",
     "fields": null,
     "restrictions": null,
     "childrenIds": [
     ],
     "backgroundColor": "",
     "align": "AlignLeft",
     "verticalAlign": "VerticalAlignTop",
     "text": {
      "text": "These rules are managed centrally in the control plane of the service mesh. This is where you define how traffic flows from service A to service B and what configuration should be applied to the proxies.",
      "style": "Paragraph",
      "marks": {
       "marks": [
        {
         "range": {
          "from": 41,
          "to": 54
         },
         "type": "Italic",
         "param": ""
        },
        {
         "range": {
          "from": 41,
          "to": 54
         },
         "type": "Bold",
         "param": ""
        },
        {
         "range": {
          "from": 41,
          "to": 54
         },
         "type": "Underscored",
         "param": ""
        },
        {
         "range": {
          "from": 0,
          "to": 74
         },
         "type": "TextColor",
         "param": "red"
        }
       ]
      },
      "checked": false,
      "color": "",
      "iconEmoji": "",
      "iconImage": ""
     }
    },
    {
     "id": "66674799a2d36e0c8087efdc",
     "fields": null,
     "restrictions": null,
     "childrenIds": [
     ],
     "backgroundColor": "",
     "align": "AlignLeft",
     "verticalAlign": "VerticalAlignTop",
     "text": {
      "text": "So instead of writing code and installing libraries, you just write a config file where you tell the service mesh that service A and service B should always communicate encrypted.",
      "style": "Paragraph",
      "marks": {
       "marks": [
       ]
      },
      "checked": false,
      "color": "",
      "iconEmoji": "",
      "iconImage": ""
     }
    },
    {
     "id": "66674799a2d36e0c8087efdd",
     "fields": null,
     "restrictions": null,
     "childrenIds": [
     ],
     "backgroundColor": "",
     "align": "AlignLeft",
     "verticalAlign": "VerticalAlignTop",
     "text": {
      "text": "The config is then uploaded to the control plane and distributed to the data plane to enforce the new rule.",
      "style": "Paragraph",
      "marks": {
       "marks": [
       ]
      },
      "checked": false,
      "color": "",
      "iconEmoji": "",
      "iconImage": ""
     }
    },
    {
     "id": "666747ada2d36e0c8087efdf",
     "fields": null,
     "restrictions": null,
     "childrenIds": [
     ],
     "backgroundColor": "",
     "align": "AlignLeft",
     "verticalAlign": "VerticalAlignTop",
     "text": {
      "text": "",
      "style": "Paragraph",
      "marks": {
       "marks": [
       ]
      },
      "checked": false,
      "color": "",
      "iconEmoji": "",
      "iconImage": ""
     }
    },
    {
     "id": "6665ab42a2d36e05f01607b1",
     "fields": null,
     "restrictions": null,
     "childrenIds": [
     ],
     "backgroundColor": "",
     "align": "AlignLeft",
     "verticalAlign": "VerticalAlignTop",
     "text": {
      "text": "Storage",
      "style": "Header2",
      "marks": {
       "marks": [
        {
         "range": {
          "from": 0,
          "to": 7
         },
         "type": "Underscored",
         "param": ""
        }
       ]
      },
      "checked": false,
      "color": "",
      "iconEmoji": "",
      "iconImage": ""
     }
    },
    {
     "id": "66675804a2d36e0c8087efe4",
     "fields": null,
     "restrictions": null,
     "childrenIds": [
     ],
     "backgroundColor": "",
     "align": "AlignLeft",
     "verticalAlign": "VerticalAlignTop",
     "text": {
      "text": "From a storage perspective, containers have a significant flaw: they are ephemeral.",
      "style": "Paragraph",
      "marks": {
       "marks": [
       ]
      },
      "checked": false,
      "color": "",
      "iconEmoji": "",
      "iconImage": ""
     }
    },
    {
     "id": "66675826a2d36e0c8087efeb",
     "fields": null,
     "restrictions": null,
     "childrenIds": [
     ],
     "backgroundColor": "",
     "align": "AlignLeft",
     "verticalAlign": "VerticalAlignTop",
     "text": {
      "text": "Container images are read-only and consist of different layers that include everything that you added during the build phase. That ensures that every time you start a container from an image you get the same behavior and functionality.",
      "style": "Paragraph",
      "marks": {
       "marks": [
       ]
      },
      "checked": false,
      "color": "",
      "iconEmoji": "",
      "iconImage": ""
     }
    },
    {
     "id": "6667583da2d36e0c8087eff7",
     "fields": null,
     "restrictions": null,
     "childrenIds": [
     ],
     "backgroundColor": "",
     "align": "AlignLeft",
     "verticalAlign": "VerticalAlignTop",
     "text": {
      "text": "To allow writing files, a read-write layer is put on top of the container image when you start a container from an image.",
      "style": "Paragraph",
      "marks": {
       "marks": [
        {
         "range": {
          "from": 24,
          "to": 79
         },
         "type": "Bold",
         "param": ""
        },
        {
         "range": {
          "from": 24,
          "to": 79
         },
         "type": "Underscored",
         "param": ""
        }
       ]
      },
      "checked": false,
      "color": "",
      "iconEmoji": "",
      "iconImage": ""
     }
    },
    {
     "id": "6665a1b9a2d36e05f01606b2",
     "fields": {
      },
     "restrictions": null,
     "childrenIds": [
     ],
     "backgroundColor": "",
     "align": "AlignLeft",
     "verticalAlign": "VerticalAlignTop"
    }
   ],
   "details": {
     "backlinks": [
        "bafyreibmnn622g6th3ihh5q5lnkxsefw7y47t5whhean57mvjk3ux7la5e"
       ],
     "coverId": "sky",
     "coverScale": 0,
     "coverType": 3,
     "coverX": 0,
     "coverY": 0,
     "createdDate": 1717936996,
     "creator": "_participant_bafyreib5epdcggbj3lypetjrry4fhk5hucwpol4q3zhyhsnu6zliih2pha_ofy6cn5utfaz_A5ryJu1aBASRCoTHxHpucFGZCvDJuMYqBvneEWsrVC54cDEB",
     "featuredRelations": [
        "type",
        "backlinks"
       ],
     "iconEmoji": "",
     "iconImage": "bafyreie7wgyrz3ysfsphfj7ohdddddwq2w3dgzfozfzll53kz5mm4syauy",
     "id": "bafyreiax5it6zsrs3iliti2vah42upfx626amwo7whoinoo6tmh6cjidya",
     "lastModifiedBy": "_participant_bafyreib5epdcggbj3lypetjrry4fhk5hucwpol4q3zhyhsnu6zliih2pha_ofy6cn5utfaz_A5ryJu1aBASRCoTHxHpucFGZCvDJuMYqBvneEWsrVC54cDEB",
     "lastModifiedDate": 1718049114,
     "lastOpenedDate": 1733849606,
     "layout": 0,
     "links": [
       ],
     "mentions": [
       ],
     "name": "03. Container Orchestration",
     "restrictions": [
       ],
     "snippet": "Use of Containers\nWhile the developer knows his application and its dependencies best, it is usually a system administrator who provides the infrastructure, installs all of the dependencies, and configures the system on which the application runs. This process can be very error-prone and hard to …",
     "sourceObject": "bafyreia4r3cutd2pq4c23c7z4okskbejv2vomvdee3cogsm4jzj7bvg3qa",
     "spaceId": "bafyreib5epdcggbj3lypetjrry4fhk5hucwpol4q3zhyhsnu6zliih2pha.ofy6cn5utfaz",
     "syncDate": 1732176851,
     "syncError": 0,
     "syncStatus": 0,
     "type": "bafyreicnmrx53lp6kfrcb6df2aay3gkk7zseoz6xa6fixdzu2ra466jage"
    },
   "fileKeys": null,
   "extraRelations": [
   ],
   "objectTypes": [
    "ot-page"
   ],
   "collections": null,
   "removedCollectionKeys": [
   ],
   "relationLinks": [
    {
     "key": "id",
     "format": "object"
    },
    {
     "key": "name",
     "format": "shorttext"
    },
    {
     "key": "description",
     "format": "longtext"
    },
    {
     "key": "snippet",
     "format": "longtext"
    },
    {
     "key": "iconEmoji",
     "format": "emoji"
    },
    {
     "key": "iconImage",
     "format": "file"
    },
    {
     "key": "type",
     "format": "object"
    },
    {
     "key": "layout",
     "format": "number"
    },
    {
     "key": "layoutAlign",
     "format": "number"
    },
    {
     "key": "coverId",
     "format": "longtext"
    },
    {
     "key": "coverScale",
     "format": "number"
    },
    {
     "key": "coverType",
     "format": "number"
    },
    {
     "key": "coverX",
     "format": "number"
    },
    {
     "key": "coverY",
     "format": "number"
    },
    {
     "key": "createdDate",
     "format": "date"
    },
    {
     "key": "creator",
     "format": "object"
    },
    {
     "key": "lastModifiedDate",
     "format": "date"
    },
    {
     "key": "lastModifiedBy",
     "format": "object"
    },
    {
     "key": "lastOpenedDate",
     "format": "date"
    },
    {
     "key": "featuredRelations",
     "format": "object"
    },
    {
     "key": "isFavorite",
     "format": "checkbox"
    },
    {
     "key": "workspaceId",
     "format": "object"
    },
    {
     "key": "spaceId",
     "format": "object"
    },
    {
     "key": "links",
     "format": "object"
    },
    {
     "key": "internalFlags",
     "format": "number"
    },
    {
     "key": "restrictions",
     "format": "number"
    },
    {
     "key": "backlinks",
     "format": "object"
    },
    {
     "key": "sourceObject",
     "format": "object"
    },
    {
     "key": "isArchived",
     "format": "checkbox"
    },
    {
     "key": "syncDate",
     "format": "date"
    },
    {
     "key": "syncStatus",
     "format": "number"
    },
    {
     "key": "syncError",
     "format": "number"
    },
    {
     "key": "mentions",
     "format": "object"
    }
   ],
   "key": "",
   "originalCreatedTimestamp": "0",
   "fileInfo": null
  },
  "fileKeys": [
  ]
 }
}