{
 "sbType": "Page",
 "snapshot": {
  "logHeads": {
  },
  "data": {
   "blocks": [
    {
     "id": "bafyreicnd5txekb5zqwmelarwqyrvexdk6qvqsiugsmqh6rc5iqpk6txza",
     "fields": {
       "width": 0.5
      },
     "restrictions": {
      "read": false,
      "edit": false,
      "remove": false,
      "drag": false,
      "dropOn": false
     },
     "childrenIds": [
      "header",
      "div-6665a1b9a2d36e05f01606e4"
     ],
     "backgroundColor": "",
     "align": "AlignLeft",
     "verticalAlign": "VerticalAlignTop",
     "smartblock": {

     }
    },
    {
     "id": "header",
     "fields": null,
     "restrictions": {
      "read": false,
      "edit": true,
      "remove": true,
      "drag": true,
      "dropOn": true
     },
     "childrenIds": [
      "title",
      "featuredRelations"
     ],
     "backgroundColor": "",
     "align": "AlignLeft",
     "verticalAlign": "VerticalAlignTop",
     "layout": {
      "style": "Header"
     }
    },
    {
     "id": "div-6665a1b9a2d36e05f01606e4",
     "fields": null,
     "restrictions": null,
     "childrenIds": [
      "6665a1b9a2d36e05f01606b2",
      "6665a1b9a2d36e05f01606b3",
      "6665a470a2d36e05f016070e",
      "6665a2e1a2d36e05f01606f2",
      "6665a49aa2d36e05f0160715",
      "6665a2f8a2d36e05f01606f3",
      "6665a4caa2d36e05f016071c",
      "6665a305a2d36e05f01606f4",
      "6665a4d3a2d36e05f0160722"
     ],
     "backgroundColor": "",
     "align": "AlignLeft",
     "verticalAlign": "VerticalAlignTop",
     "layout": {
      "style": "Div"
     }
    },
    {
     "id": "title",
     "fields": {
       "_detailsKey": [
          "name",
          "done"
         ]
      },
     "restrictions": {
      "read": false,
      "edit": false,
      "remove": true,
      "drag": true,
      "dropOn": true
     },
     "childrenIds": [
     ],
     "backgroundColor": "",
     "align": "AlignLeft",
     "verticalAlign": "VerticalAlignTop",
     "text": {
      "text": "",
      "style": "Title",
      "marks": {
       "marks": [
       ]
      },
      "checked": false,
      "color": "",
      "iconEmoji": "",
      "iconImage": ""
     }
    },
    {
     "id": "featuredRelations",
     "fields": null,
     "restrictions": {
      "read": false,
      "edit": false,
      "remove": true,
      "drag": true,
      "dropOn": true
     },
     "childrenIds": [
     ],
     "backgroundColor": "",
     "align": "AlignLeft",
     "verticalAlign": "VerticalAlignTop",
     "featuredRelations": {

     }
    },
    {
     "id": "6665a1b9a2d36e05f01606b2",
     "fields": {
      },
     "restrictions": null,
     "childrenIds": [
     ],
     "backgroundColor": "",
     "align": "AlignLeft",
     "verticalAlign": "VerticalAlignTop"
    },
    {
     "id": "6665a1b9a2d36e05f01606b3",
     "fields": {
      },
     "restrictions": null,
     "childrenIds": [
     ],
     "backgroundColor": "",
     "align": "AlignLeft",
     "verticalAlign": "VerticalAlignTop",
     "text": {
      "text": "The Linux Foundation",
      "style": "Header2",
      "marks": {
       "marks": [
        {
         "range": {
          "from": 0,
          "to": 20
         },
         "type": "Underscored",
         "param": ""
        }
       ]
      },
      "checked": false,
      "color": "",
      "iconEmoji": "",
      "iconImage": ""
     }
    },
    {
     "id": "6665a470a2d36e05f016070e",
     "fields": null,
     "restrictions": null,
     "childrenIds": [
     ],
     "backgroundColor": "",
     "align": "AlignLeft",
     "verticalAlign": "VerticalAlignTop",
     "text": {
      "text": "The Linux Foundation (LF) is the world’s leading home for collaboration on open source software, hardware, standards, and data.",
      "style": "Paragraph",
      "marks": {
       "marks": [
        {
         "range": {
          "from": 4,
          "to": 25
         },
         "type": "Bold",
         "param": ""
        }
       ]
      },
      "checked": false,
      "color": "",
      "iconEmoji": "",
      "iconImage": ""
     }
    },
    {
     "id": "6665a2e1a2d36e05f01606f2",
     "fields": null,
     "restrictions": null,
     "childrenIds": [
     ],
     "backgroundColor": "",
     "align": "AlignLeft",
     "verticalAlign": "VerticalAlignTop",
     "text": {
      "text": "Cloud Native Computing Foundation (CNCF)",
      "style": "Header2",
      "marks": {
       "marks": [
        {
         "range": {
          "from": 0,
          "to": 40
         },
         "type": "Underscored",
         "param": ""
        }
       ]
      },
      "checked": false,
      "color": "",
      "iconEmoji": "",
      "iconImage": ""
     }
    },
    {
     "id": "6665a49aa2d36e05f0160715",
     "fields": null,
     "restrictions": null,
     "childrenIds": [
     ],
     "backgroundColor": "",
     "align": "AlignLeft",
     "verticalAlign": "VerticalAlignTop",
     "text": {
      "text": "Cloud Native Computing Foundation (CNCF) is an open source software foundation under the Linux Foundation umbrella dedicated to making cloud native computing universal and sustainable.",
      "style": "Paragraph",
      "marks": {
       "marks": [
        {
         "range": {
          "from": 0,
          "to": 40
         },
         "type": "Bold",
         "param": ""
        },
        {
         "range": {
          "from": 0,
          "to": 40
         },
         "type": "Link",
         "param": ""
        }
       ]
      },
      "checked": false,
      "color": "",
      "iconEmoji": "",
      "iconImage": ""
     }
    },
    {
     "id": "6665a2f8a2d36e05f01606f3",
     "fields": null,
     "restrictions": null,
     "childrenIds": [
     ],
     "backgroundColor": "",
     "align": "AlignLeft",
     "verticalAlign": "VerticalAlignTop",
     "text": {
      "text": "The Linux Foundation Events",
      "style": "Header2",
      "marks": {
       "marks": [
        {
         "range": {
          "from": 0,
          "to": 27
         },
         "type": "Underscored",
         "param": ""
        }
       ]
      },
      "checked": false,
      "color": "",
      "iconEmoji": "",
      "iconImage": ""
     }
    },
    {
     "id": "6665a4caa2d36e05f016071c",
     "fields": null,
     "restrictions": null,
     "childrenIds": [
     ],
     "backgroundColor": "",
     "align": "AlignLeft",
     "verticalAlign": "VerticalAlignTop",
     "text": {
      "text": "Linux Foundation events are the meeting place of choice for open source maintainers, developers, architects, infrastructure managers, and sysadmins and technologists leading open source program offices, and other critical leadership functions.",
      "style": "Paragraph",
      "marks": {
       "marks": [
       ]
      },
      "checked": false,
      "color": "",
      "iconEmoji": "",
      "iconImage": ""
     }
    },
    {
     "id": "6665a305a2d36e05f01606f4",
     "fields": null,
     "restrictions": null,
     "childrenIds": [
     ],
     "backgroundColor": "",
     "align": "AlignLeft",
     "verticalAlign": "VerticalAlignTop",
     "text": {
      "text": "Linux Foundation Training \u0026 Certification",
      "style": "Header2",
      "marks": {
       "marks": [
        {
         "range": {
          "from": 0,
          "to": 41
         },
         "type": "Underscored",
         "param": ""
        }
       ]
      },
      "checked": false,
      "color": "",
      "iconEmoji": "",
      "iconImage": ""
     }
    },
    {
     "id": "6665a4d3a2d36e05f0160722",
     "fields": null,
     "restrictions": null,
     "childrenIds": [
     ],
     "backgroundColor": "",
     "align": "AlignLeft",
     "verticalAlign": "VerticalAlignTop",
     "text": {
      "text": "The Linux Foundation Training \u0026 Certification Group works with expert instructors and experienced open source developers to create training courses for every level of experience, from complete newbies to veteran developers, as well as certification exams which demonstrate your skills to potential employers in a trusted verifiable way.",
      "style": "Paragraph",
      "marks": {
       "marks": [
       ]
      },
      "checked": false,
      "color": "",
      "iconEmoji": "",
      "iconImage": ""
     }
    }
   ],
   "details": {
     "backlinks": [
        "bafyreibmnn622g6th3ihh5q5lnkxsefw7y47t5whhean57mvjk3ux7la5e"
       ],
     "coverId": "sky",
     "coverScale": 0,
     "coverType": 3,
     "coverX": 0,
     "coverY": 0,
     "createdDate": 1717936800,
     "creator": "_participant_bafyreib5epdcggbj3lypetjrry4fhk5hucwpol4q3zhyhsnu6zliih2pha_ofy6cn5utfaz_A5ryJu1aBASRCoTHxHpucFGZCvDJuMYqBvneEWsrVC54cDEB",
     "featuredRelations": [
        "type",
        "backlinks"
       ],
     "iconEmoji": "",
     "iconImage": "bafyreie7wgyrz3ysfsphfj7ohdddddwq2w3dgzfozfzll53kz5mm4syauy",
     "id": "bafyreicnd5txekb5zqwmelarwqyrvexdk6qvqsiugsmqh6rc5iqpk6txza",
     "lastModifiedBy": "_participant_bafyreib5epdcggbj3lypetjrry4fhk5hucwpol4q3zhyhsnu6zliih2pha_ofy6cn5utfaz_A5ryJu1aBASRCoTHxHpucFGZCvDJuMYqBvneEWsrVC54cDEB",
     "lastModifiedDate": 1717939138,
     "lastOpenedDate": 1733849890,
     "layout": 0,
     "links": [
       ],
     "mentions": [
       ],
     "name": "01. Course Introduction",
     "restrictions": [
       ],
     "snippet": "The Linux Foundation\nThe Linux Foundation (LF) is the world’s leading home for collaboration on open source software, hardware, standards, and data.\nCloud Native Computing Foundation (CNCF)\nCloud Native Computing Foundation (CNCF) is an open source software foundation under the Linux Foundation …",
     "sourceObject": "bafyreia4r3cutd2pq4c23c7z4okskbejv2vomvdee3cogsm4jzj7bvg3qa",
     "spaceId": "bafyreib5epdcggbj3lypetjrry4fhk5hucwpol4q3zhyhsnu6zliih2pha.ofy6cn5utfaz",
     "syncDate": 1732176851,
     "syncError": 0,
     "syncStatus": 0,
     "type": "bafyreicnmrx53lp6kfrcb6df2aay3gkk7zseoz6xa6fixdzu2ra466jage"
    },
   "fileKeys": null,
   "extraRelations": [
   ],
   "objectTypes": [
    "ot-page"
   ],
   "collections": null,
   "removedCollectionKeys": [
   ],
   "relationLinks": [
    {
     "key": "id",
     "format": "object"
    },
    {
     "key": "name",
     "format": "shorttext"
    },
    {
     "key": "description",
     "format": "longtext"
    },
    {
     "key": "snippet",
     "format": "longtext"
    },
    {
     "key": "iconEmoji",
     "format": "emoji"
    },
    {
     "key": "iconImage",
     "format": "file"
    },
    {
     "key": "type",
     "format": "object"
    },
    {
     "key": "layout",
     "format": "number"
    },
    {
     "key": "layoutAlign",
     "format": "number"
    },
    {
     "key": "coverId",
     "format": "longtext"
    },
    {
     "key": "coverScale",
     "format": "number"
    },
    {
     "key": "coverType",
     "format": "number"
    },
    {
     "key": "coverX",
     "format": "number"
    },
    {
     "key": "coverY",
     "format": "number"
    },
    {
     "key": "createdDate",
     "format": "date"
    },
    {
     "key": "creator",
     "format": "object"
    },
    {
     "key": "lastModifiedDate",
     "format": "date"
    },
    {
     "key": "lastModifiedBy",
     "format": "object"
    },
    {
     "key": "lastOpenedDate",
     "format": "date"
    },
    {
     "key": "featuredRelations",
     "format": "object"
    },
    {
     "key": "isFavorite",
     "format": "checkbox"
    },
    {
     "key": "workspaceId",
     "format": "object"
    },
    {
     "key": "spaceId",
     "format": "object"
    },
    {
     "key": "links",
     "format": "object"
    },
    {
     "key": "internalFlags",
     "format": "number"
    },
    {
     "key": "restrictions",
     "format": "number"
    },
    {
     "key": "backlinks",
     "format": "object"
    },
    {
     "key": "sourceObject",
     "format": "object"
    },
    {
     "key": "isArchived",
     "format": "checkbox"
    },
    {
     "key": "syncDate",
     "format": "date"
    },
    {
     "key": "syncStatus",
     "format": "number"
    },
    {
     "key": "syncError",
     "format": "number"
    },
    {
     "key": "mentions",
     "format": "object"
    }
   ],
   "key": "",
   "originalCreatedTimestamp": "0",
   "fileInfo": null
  },
  "fileKeys": [
  ]
 }
}