{
 "sbType": "STType",
 "snapshot": {
  "logHeads": {
  },
  "data": {
   "blocks": [
    {
     "id": "bafyreic7al4sdbrjy7vmqw77pu2os6k4gfre7zknxg5akk4o2ooxn4ql5y",
     "fields": null,
     "restrictions": null,
     "childrenIds": [
      "header"
     ],
     "backgroundColor": "",
     "align": "AlignLeft",
     "verticalAlign": "VerticalAlignTop",
     "smartblock": {

     }
    },
    {
     "id": "header",
     "fields": null,
     "restrictions": {
      "read": false,
      "edit": true,
      "remove": true,
      "drag": true,
      "dropOn": true
     },
     "childrenIds": [
      "title",
      "featuredRelations"
     ],
     "backgroundColor": "",
     "align": "AlignLeft",
     "verticalAlign": "VerticalAlignTop",
     "layout": {
      "style": "Header"
     }
    },
    {
     "id": "title",
     "fields": {
       "_detailsKey": [
          "name",
          "done"
         ]
      },
     "restrictions": {
      "read": false,
      "edit": false,
      "remove": true,
      "drag": true,
      "dropOn": true
     },
     "childrenIds": [
     ],
     "backgroundColor": "",
     "align": "AlignLeft",
     "verticalAlign": "VerticalAlignTop",
     "text": {
      "text": "",
      "style": "Title",
      "marks": {
       "marks": [
       ]
      },
      "checked": false,
      "color": "",
      "iconEmoji": "",
      "iconImage": ""
     }
    },
    {
     "id": "featuredRelations",
     "fields": null,
     "restrictions": {
      "read": false,
      "edit": false,
      "remove": true,
      "drag": true,
      "dropOn": true
     },
     "childrenIds": [
     ],
     "backgroundColor": "",
     "align": "AlignLeft",
     "verticalAlign": "VerticalAlignTop",
     "featuredRelations": {

     }
    }
   ],
   "details": {
     "backlinks": [
       ],
     "createdDate": 0,
     "creator": "_participant_bafyreib5epdcggbj3lypetjrry4fhk5hucwpol4q3zhyhsnu6zliih2pha_ofy6cn5utfaz_A5ryJu1aBASRCoTHxHpucFGZCvDJuMYqBvneEWsrVC54cDEB",
     "description": "Object that contains a definition of some object type",
     "featuredRelations": [
        "backlinks",
        "type"
       ],
     "iconEmoji": "🥚",
     "id": "bafyreic7al4sdbrjy7vmqw77pu2os6k4gfre7zknxg5akk4o2ooxn4ql5y",
     "internalFlags": [
       ],
     "isHidden": false,
     "isReadonly": true,
     "lastModifiedBy": "_participant_bafyreib5epdcggbj3lypetjrry4fhk5hucwpol4q3zhyhsnu6zliih2pha_ofy6cn5utfaz_A5ryJu1aBASRCoTHxHpucFGZCvDJuMYqBvneEWsrVC54cDEB",
     "lastModifiedDate": 1717927643,
     "layout": 4,
     "links": [
       ],
     "mentions": [
       ],
     "name": "Type",
     "origin": 7,
     "recommendedLayout": 4,
     "recommendedRelations": [
        "bafyreifzszd4olm7tdrlr6p2ozkhi3sbntdmbnotgbsyhmpwi7ilddfyve",
        "bafyreidfxxxoccqsd3n3ifq5fhoqnkldaqjqk7symv2exp4kvtd6dtinoi",
        "bafyreibmfwavyd6sdh7zl6zl4zxsygech6vuybpduvgoxusphm7skafe34"
       ],
     "restrictions": [
        3,
        6,
        5,
        7,
        4,
        1,
        10
       ],
     "revision": 0,
     "smartblockTypes": [
        513,
        514
       ],
     "snippet": "",
     "sourceObject": "_otobjectType",
     "spaceId": "bafyreib5epdcggbj3lypetjrry4fhk5hucwpol4q3zhyhsnu6zliih2pha.ofy6cn5utfaz",
     "syncDate": 1732176851,
     "syncError": 0,
     "syncStatus": 0,
     "type": "bafyreic7al4sdbrjy7vmqw77pu2os6k4gfre7zknxg5akk4o2ooxn4ql5y",
     "uniqueKey": "ot-objectType"
    },
   "fileKeys": null,
   "extraRelations": [
   ],
   "objectTypes": [
    "ot-objectType"
   ],
   "collections": null,
   "removedCollectionKeys": [
   ],
   "relationLinks": [
    {
     "key": "spaceId",
     "format": "object"
    },
    {
     "key": "description",
     "format": "longtext"
    },
    {
     "key": "recommendedLayout",
     "format": "number"
    },
    {
     "key": "recommendedRelations",
     "format": "object"
    },
    {
     "key": "sourceObject",
     "format": "object"
    },
    {
     "key": "internalFlags",
     "format": "number"
    },
    {
     "key": "name",
     "format": "shorttext"
    },
    {
     "key": "iconEmoji",
     "format": "emoji"
    },
    {
     "key": "revision",
     "format": "number"
    },
    {
     "key": "origin",
     "format": "number"
    },
    {
     "key": "featuredRelations",
     "format": "object"
    },
    {
     "key": "smartblockTypes",
     "format": "number"
    },
    {
     "key": "layout",
     "format": "number"
    },
    {
     "key": "isHidden",
     "format": "checkbox"
    },
    {
     "key": "id",
     "format": "object"
    },
    {
     "key": "uniqueKey",
     "format": "longtext"
    },
    {
     "key": "isReadonly",
     "format": "checkbox"
    },
    {
     "key": "snippet",
     "format": "longtext"
    },
    {
     "key": "backlinks",
     "format": "object"
    },
    {
     "key": "iconImage",
     "format": "file"
    },
    {
     "key": "type",
     "format": "object"
    },
    {
     "key": "layoutAlign",
     "format": "number"
    },
    {
     "key": "coverId",
     "format": "longtext"
    },
    {
     "key": "coverScale",
     "format": "number"
    },
    {
     "key": "coverType",
     "format": "number"
    },
    {
     "key": "coverX",
     "format": "number"
    },
    {
     "key": "coverY",
     "format": "number"
    },
    {
     "key": "createdDate",
     "format": "date"
    },
    {
     "key": "creator",
     "format": "object"
    },
    {
     "key": "lastModifiedDate",
     "format": "date"
    },
    {
     "key": "lastModifiedBy",
     "format": "object"
    },
    {
     "key": "lastOpenedDate",
     "format": "date"
    },
    {
     "key": "isFavorite",
     "format": "checkbox"
    },
    {
     "key": "workspaceId",
     "format": "object"
    },
    {
     "key": "links",
     "format": "object"
    },
    {
     "key": "restrictions",
     "format": "number"
    },
    {
     "key": "isArchived",
     "format": "checkbox"
    },
    {
     "key": "syncDate",
     "format": "date"
    },
    {
     "key": "syncStatus",
     "format": "number"
    },
    {
     "key": "syncError",
     "format": "number"
    },
    {
     "key": "mentions",
     "format": "object"
    }
   ],
   "key": "objectType",
   "originalCreatedTimestamp": "0",
   "fileInfo": null
  },
  "fileKeys": [
  ]
 }
}