{
 "sbType": "STType",
 "snapshot": {
  "logHeads": {
  },
  "data": {
   "blocks": [
    {
     "id": "bafyreidb66x4c5muypb6do7n4pjrfnircftmsd73wwowwtk44uxa5jvyf4",
     "fields": null,
     "restrictions": null,
     "childrenIds": [
      "header"
     ],
     "backgroundColor": "",
     "align": "AlignLeft",
     "verticalAlign": "VerticalAlignTop",
     "smartblock": {

     }
    },
    {
     "id": "header",
     "fields": null,
     "restrictions": {
      "read": false,
      "edit": true,
      "remove": true,
      "drag": true,
      "dropOn": true
     },
     "childrenIds": [
      "title",
      "featuredRelations"
     ],
     "backgroundColor": "",
     "align": "AlignLeft",
     "verticalAlign": "VerticalAlignTop",
     "layout": {
      "style": "Header"
     }
    },
    {
     "id": "title",
     "fields": {
       "_detailsKey": [
          "name",
          "done"
         ]
      },
     "restrictions": {
      "read": false,
      "edit": false,
      "remove": true,
      "drag": true,
      "dropOn": true
     },
     "childrenIds": [
     ],
     "backgroundColor": "",
     "align": "AlignLeft",
     "verticalAlign": "VerticalAlignTop",
     "text": {
      "text": "",
      "style": "Title",
      "marks": {
       "marks": [
       ]
      },
      "checked": false,
      "color": "",
      "iconEmoji": "",
      "iconImage": ""
     }
    },
    {
     "id": "featuredRelations",
     "fields": null,
     "restrictions": {
      "read": false,
      "edit": false,
      "remove": true,
      "drag": true,
      "dropOn": true
     },
     "childrenIds": [
     ],
     "backgroundColor": "",
     "align": "AlignLeft",
     "verticalAlign": "VerticalAlignTop",
     "featuredRelations": {

     }
    }
   ],
   "details": {
     "backlinks": [
       ],
     "createdDate": 0,
     "creator": "_participant_bafyreib5epdcggbj3lypetjrry4fhk5hucwpol4q3zhyhsnu6zliih2pha_ofy6cn5utfaz_A5ryJu1aBASRCoTHxHpucFGZCvDJuMYqBvneEWsrVC54cDEB",
     "description": "A representation of the external form of a person or thing in art",
     "featuredRelations": [
        "backlinks",
        "type"
       ],
     "iconEmoji": "🏞",
     "id": "bafyreidb66x4c5muypb6do7n4pjrfnircftmsd73wwowwtk44uxa5jvyf4",
     "isHidden": false,
     "isReadonly": true,
     "lastModifiedBy": "_participant_bafyreib5epdcggbj3lypetjrry4fhk5hucwpol4q3zhyhsnu6zliih2pha_ofy6cn5utfaz_A5ryJu1aBASRCoTHxHpucFGZCvDJuMYqBvneEWsrVC54cDEB",
     "lastModifiedDate": 1733329570,
     "layout": 4,
     "links": [
       ],
     "mentions": [
       ],
     "name": "Image",
     "origin": 7,
     "recommendedLayout": 8,
     "recommendedRelations": [
        "bafyreihu7yrcphe7h42t7rlg7nvr2vbqnv65omg53gs6jzenyi5k2q56ya",
        "bafyreicsf4ohbdhvsf6zl3ftroyxpjn6n4k5bstmd3ozkz77eupat3fhne",
        "bafyreih6mhg2cp7agl2s3jk4ysgaiyprz2jksb255kf6eske3v7eopxd5m",
        "bafyreied5t7qo5wxtncomud7ejy3t6cbftombessnucpz2vh66zhtpyxsi",
        "bafyreibnydu52nlas3llcz34lmtnut6rom7jycgffjitmbrpjbc5kz3rjq",
        "bafyreifo4llo62ead7jxo4uijhtwrbuykjj6qpridte77ymma7w4gfi2jm",
        "bafyreid5fwzusms3o6f7nahmlzqvg62xyc26de5vttfxw2edqawivcar4q",
        "bafyreic7yqq3m4hmffyt2oxroyzztyf22lsx5koa7vtdghqqnhp5ubt4du",
        "bafyreiecs4u7dgywfxwye53bs5m3j2ghm6okh7lkmhy5mt4ml32zbvx47u",
        "bafyreib245v6e5gkctjedc6yiomj6n3anbi3rurmh7decxdfxqy5nv5lay",
        "bafyreidhdrarsdebko3o7a3fwypt7ly7xuxchhwdp5izxbxtrmspzltkwy",
        "bafyreibmfwavyd6sdh7zl6zl4zxsygech6vuybpduvgoxusphm7skafe34",
        "bafyreihijl6khn7h65jziti25roxwl62qa6sdlsyib2ix72kv6szlyof7i"
       ],
     "restrictions": [
        3,
        6,
        5,
        7,
        4,
        1,
        10,
        9
       ],
     "revision": 1,
     "smartblockTypes": [
        256
       ],
     "snippet": "",
     "sourceObject": "_otimage",
     "spaceId": "bafyreib5epdcggbj3lypetjrry4fhk5hucwpol4q3zhyhsnu6zliih2pha.ofy6cn5utfaz",
     "syncDate": 1733849510,
     "syncError": 0,
     "syncStatus": 0,
     "type": "bafyreic7al4sdbrjy7vmqw77pu2os6k4gfre7zknxg5akk4o2ooxn4ql5y",
     "uniqueKey": "ot-image"
    },
   "fileKeys": null,
   "extraRelations": [
   ],
   "objectTypes": [
    "ot-objectType"
   ],
   "collections": null,
   "removedCollectionKeys": [
   ],
   "relationLinks": [
    {
     "key": "spaceId",
     "format": "object"
    },
    {
     "key": "description",
     "format": "longtext"
    },
    {
     "key": "name",
     "format": "shorttext"
    },
    {
     "key": "recommendedRelations",
     "format": "object"
    },
    {
     "key": "origin",
     "format": "number"
    },
    {
     "key": "recommendedLayout",
     "format": "number"
    },
    {
     "key": "isHidden",
     "format": "checkbox"
    },
    {
     "key": "revision",
     "format": "number"
    },
    {
     "key": "smartblockTypes",
     "format": "number"
    },
    {
     "key": "layout",
     "format": "number"
    },
    {
     "key": "internalFlags",
     "format": "number"
    },
    {
     "key": "iconEmoji",
     "format": "emoji"
    },
    {
     "key": "featuredRelations",
     "format": "object"
    },
    {
     "key": "sourceObject",
     "format": "object"
    },
    {
     "key": "id",
     "format": "object"
    },
    {
     "key": "uniqueKey",
     "format": "longtext"
    },
    {
     "key": "isReadonly",
     "format": "checkbox"
    },
    {
     "key": "snippet",
     "format": "longtext"
    },
    {
     "key": "backlinks",
     "format": "object"
    },
    {
     "key": "iconImage",
     "format": "file"
    },
    {
     "key": "type",
     "format": "object"
    },
    {
     "key": "layoutAlign",
     "format": "number"
    },
    {
     "key": "coverId",
     "format": "longtext"
    },
    {
     "key": "coverScale",
     "format": "number"
    },
    {
     "key": "coverType",
     "format": "number"
    },
    {
     "key": "coverX",
     "format": "number"
    },
    {
     "key": "coverY",
     "format": "number"
    },
    {
     "key": "createdDate",
     "format": "date"
    },
    {
     "key": "creator",
     "format": "object"
    },
    {
     "key": "lastModifiedDate",
     "format": "date"
    },
    {
     "key": "lastModifiedBy",
     "format": "object"
    },
    {
     "key": "lastOpenedDate",
     "format": "date"
    },
    {
     "key": "isFavorite",
     "format": "checkbox"
    },
    {
     "key": "workspaceId",
     "format": "object"
    },
    {
     "key": "links",
     "format": "object"
    },
    {
     "key": "restrictions",
     "format": "number"
    },
    {
     "key": "isArchived",
     "format": "checkbox"
    },
    {
     "key": "syncDate",
     "format": "date"
    },
    {
     "key": "syncStatus",
     "format": "number"
    },
    {
     "key": "syncError",
     "format": "number"
    },
    {
     "key": "mentions",
     "format": "object"
    }
   ],
   "key": "image",
   "originalCreatedTimestamp": "0",
   "fileInfo": null
  },
  "fileKeys": [
  ]
 }
}